Set of Mutation,,Annotation
chr15(78768089),,H3k9AC
chr7(100464092),,H3k9AC
chr6(30634688),,H3k9AC
chr6(31369434),,H3k9AC
chr7(848077),,H3k9AC
chr2(3478137),,H3k9AC
chr4(49112317),,H3k9AC
chr15(78768042),,H3k9AC
chr15(34520631),,H3k9AC
chr15(78234214),,H3k9AC
chr6(43254171),,H3k9AC
chr16(2091296),,H3k9AC
chr19(2427817),,H3k9AC
chr15(72757792),,H3k9AC
chr16(230861),,H3k9AC
chr16(19120625),,H3k9AC
chr15(41416997),,H3k9AC
chr16(28938152),,H3k9AC
chr17(47491510),,H3k9AC
chr1(202928138),,H3k9AC
chr4(38063855),,H3k9AC
chr4(4303518),,H3k9AC
chr14(24335653),,H3k9AC
chr5(178288917),,H3k9AC
chr14(23243320),,H3k9AC
chr2(241936986),,H3k9AC
chr1(161039306),,H3k9AC
chr16(89630620),,H3k9AC
chr16(84744320),,H3k9AC
chr15(89631197),,H3k9AC
chr16(82093119),,H3k9AC
chr7(76146061),,H3k9AC
chr21(9838890),,H3k9AC
chr7(100889751),,H3k9AC
chr7(100889746),,H3k9AC
chr15(63144609),,H3k9AC
chr14(35007688),,H3k9AC
chr4(49647080),,H3k9AC
chr4(49647075),,H3k9AC
chr17(48995652),,H3k9AC
chr4(49119323),,H3k9AC
chr4(49103964),,H3k9AC
chr18(3117663),,H3k9AC
chr5(112300385),,H3k9AC
chr2(241072976),,H3k9AC
chr4(49124482),,H3k9AC
chr20(30958888),,H3k9AC
chr7(135195333),,H3k9AC
chr18(33745920),,H3k27AC
chr2(152607006),,H3k27AC
chr6(31369434),,H3k27AC
chr2(3478137),,H3k27AC
chr4(49112317),,H3k27AC
chr15(78234214),,H3k27AC
chr19(6746009),,H3k27AC
chr6(43254171),,H3k27AC
chr16(2091296),,H3k27AC
chr8(128827175),,H3k27AC
chr19(2427817),,H3k27AC
chr16(19120625),,H3k27AC
chr17(47491510),,H3k27AC
chr1(202928138),,H3k27AC
chr1(225888171),,H3k27AC
chr4(38063855),,H3k27AC
chr15(89631197),,H3k27AC
chr15(63144609),,H3k27AC
chr14(35007688),,H3k27AC
chr4(49637107),,H3k27AC
chr4(49119323),,H3k27AC
chr4(49103964),,H3k27AC
chr18(3117663),,H3k27AC
chr12(46785534),,H3k27AC
chr4(49124482),,H3k27AC
chr9(104179622),,H3k27AC
chr7(135195333),,H3k27AC
chr10(31361099),,H3k27me3
chr5(1295113),,H3k27me3
chr10(31361107),,H3k27me3
chr17(21417543),,H3k27me3
chr11(1094578),,H3k27me3
chr17(21417572),,H3k27me3
chr15(78768089),,H3k27me3
chr17(21417604),,H3k27me3
chrX(1294840),,H3k27me3
chr7(29884026),,H3k27me3
chrX(1294827),,H3k27me3
chrX(1294841),,H3k27me3
chr14(104707536),,H3k27me3
chrX(1294835),,H3k27me3
chr7(29884022),,H3k27me3
chr10(80246453),,H3k27me3
chr11(555170),,H3k27me3
chr1(809694),,H3k27me3
chr14(36447359),,H3k27me3
chr9(136501449),,H3k27me3
chr3(128574554),,H3k27me3
chr4(49112317),,H3k27me3
chr6(167173513),,H3k27me3
chr2(130229262),,H3k27me3
chr2(130229216),,H3k27me3
chr15(78768042),,H3k27me3
chr3(128574550),,H3k27me3
chr6(36675460),,H3k27me3
chr15(28210759),,H3k27me3
chr10(87365986),,H3k27me3
chr6(71586051),,H3k27me3
chr14(104707530),,H3k27me3
chr12(13695604),,H3k27me3
chr15(78234214),,H3k27me3
chr20(18234840),,H3k27me3
chr16(3035181),,H3k27me3
chr22(45184955),,H3k27me3
chr6(32324307),,H3k27me3
chr1(156566870),,H3k27me3
chr6(32763847),,H3k27me3
chr8(9002766),,H3k27me3
chr1(229519213),,H3k27me3
chr4(8981354),,H3k27me3
chr19(43096741),,H3k27me3
chr9(96911128),,H3k27me3
chr2(241094734),,H3k27me3
chr22(49181696),,H3k27me3
chr22(22901799),,H3k27me3
chr11(1234773),,H3k27me3
chr1(35405769),,H3k27me3
chr2(131827540),,H3k27me3
chr17(26867021),,H3k27me3
chr16(17932879),,H3k27me3
chr16(1154068),,H3k27me3
chr20(18234838),,H3k27me3
chr5(1882932),,H3k27me3
chr5(145229677),,H3k27me3
chr22(45284592),,H3k27me3
chr17(7674216),,H3k27me3
chr9(32568750),,H3k27me3
chr1(200853003),,H3k27me3
chr7(29884016),,H3k27me3
chr1(162890970),,H3k27me3
chr3(41224645),,H3k27me3
chr4(2040967),,H3k27me3
chr2(113443229),,H3k27me3
chr19(2427817),,H3k27me3
chr2(177819902),,H3k27me3
chr6(44484420),,H3k27me3
chr16(22568021),,H3k27me3
chr1(162818038),,H3k27me3
chr16(19120625),,H3k27me3
chr4(37447464),,H3k27me3
chr3(123666780),,H3k27me3
chr1(35405770),,H3k27me3
chr10(94554636),,H3k27me3
chr11(134712852),,H3k27me3
chr7(150974617),,H3k27me3
chr9(32568748),,H3k27me3
chr12(50428175),,H3k27me3
chr2(1633876),,H3k27me3
chr18(11751989),,H3k27me3
chr16(22552524),,H3k27me3
chr6(47309833),,H3k27me3
chr1(230426305),,H3k27me3
chr1(201199933),,H3k27me3
chr17(47491510),,H3k27me3
chr1(203154674),,H3k27me3
chr7(142507461),,H3k27me3
chr2(19748853),,H3k27me3
chr1(85267258),,H3k27me3
chr21(39745656),,H3k27me3
chr16(71031460),,H3k27me3
chr13(113107276),,H3k27me3
chr16(1154086),,H3k27me3
chr20(62830756),,H3k27me3
chr4(15986616),,H3k27me3
chr6(105934387),,H3k27me3
chr9(120315241),,H3k27me3
chr5(733833),,H3k27me3
chr2(99041341),,H3k27me3
chr12(131918838),,H3k27me3
chr14(24335653),,H3k27me3
chr9(87918894),,H3k27me3
chr5(178288917),,H3k27me3
chr11(555202),,H3k27me3
chr7(72815797),,H3k27me3
chr16(1241799),,H3k27me3
chr16(1154082),,H3k27me3
chr2(74198300),,H3k27me3
chr14(72458007),,H3k27me3
chr7(27206377),,H3k27me3
chr2(172077421),,H3k27me3
chr16(10329812),,H3k27me3
chr2(232459322),,H3k27me3
chr10(73247517),,H3k27me3
chr13(101814907),,H3k27me3
chr5(177398275),,H3k27me3
chr1(226639130),,H3k27me3
chr1(117778781),,H3k27me3
chr7(86442949),,H3k27me3
chr2(10754378),,H3k27me3
chr14(23243320),,H3k27me3
chr6(168411084),,H3k27me3
chr8(142614464),,H3k27me3
chr7(151360599),,H3k27me3
chr2(177028338),,H3k27me3
chr2(241936986),,H3k27me3
chr2(33343250),,H3k27me3
chr8(38382359),,H3k27me3
chr3(64349081),,H3k27me3
chr1(161039306),,H3k27me3
chr16(84744320),,H3k27me3
chr15(89631197),,H3k27me3
chr7(175401),,H3k27me3
chr16(82093119),,H3k27me3
chr15(27128734),,H3k27me3
chr13(36368466),,H3k27me3
chr9(120315252),,H3k27me3
chr8(55391820),,H3k27me3
chr2(171812333),,H3k27me3
chr21(9838890),,H3k27me3
chr7(142028002),,H3k27me3
chr7(131736921),,H3k27me3
chr6(44376109),,H3k27me3
chr11(107563303),,H3k27me3
chr12(130715916),,H3k27me3
chr6(31391128),,H3k27me3
chr15(69049280),,H3k27me3
chr11(124622772),,H3k27me3
chr6(150714819),,H3k27me3
chr18(30463399),,H3k27me3
chr6(10429565),,H3k27me3
chr14(21342736),,H3k27me3
chr5(55556406),,H3k27me3
chr11(1392347),,H3k27me3
chr5(143058365),,H3k27me3
chr14(35007688),,H3k27me3
chr11(2308464),,H3k27me3
chr2(127628574),,H3k27me3
chr4(49647080),,H3k27me3
chr4(49647075),,H3k27me3
chr17(46990011),,H3k27me3
chr2(238334476),,H3k27me3
chr1(231161009),,H3k27me3
chr17(48995652),,H3k27me3
chr4(49119323),,H3k27me3
chr4(188631391),,H3k27me3
chr4(152903416),,H3k27me3
chr18(76145805),,H3k27me3
chr14(77468747),,H3k27me3
chr10(124408315),,H3k27me3
chr22(22351056),,H3k27me3
chr3(183921648),,H3k27me3
chr2(166054194),,H3k27me3
chr3(155780522),,H3k27me3
chr16(79492272),,H3k27me3
chr3(41227275),,H3k27me3
chr3(36879305),,H3k27me3
chr3(36870106),,H3k27me3
chr10(85968634),,H3k27me3
chr20(23989590),,H3k27me3
chr2(20013181),,H3k27me3
chr14(24208456),,H3k27me3
chr13(24680529),,H3k27me3
chr22(45183035),,H3k27me3
chr19(42669409),,H3k27me3
chr9(96176364),,H3k27me3
chr5(149628510),,H3k27me3
chr13(22325945),,H3k27me3
chr19(15611935),,H3k27me3
chr2(241072976),,H3k27me3
chr10(3460994),,H3k27me3
chr1(227655255),,H3k27me3
chr20(59604900),,H3k27me3
chr1(182035916),,H3k27me3
chr6(52792557),,H3k27me3
chr13(110832655),,H3k27me3
chr2(100959280),,H3k27me3
chr22(20989998),,H3k27me3
chr22(20991324),,H3k27me3
chr18(57662180),,H3k27me3
chr2(175379306),,H3k27me3
chr11(107825135),,H3k27me3
chr17(1187455),,H3k27me3
chr11(69436142),,H3k27me3
chr8(121348267),,H3k27me3
chr20(47158521),,H3k27me3
chrX(3343801),,H3k27me3
chr2(73535258),,H3k27me3
chr8(232268),,H3k27me3
chr21(45405102),,H3k27me3
chr6(169129280),,H3k27me3
chr7(135195333),,H3k27me3
chr2(29416814),,H3k27me3
chr6(156942562),,H3k27me3
chr3(41224619),,H3k27me3
chr3(41224607),,H3k27me3
chr6(136635867),,H3k27me3
chr15(78768089),,H3k36me3
chr1(21987154),,H3k36me3
chr18(33745920),,H3k36me3
chr7(100464092),,H3k36me3
chr17(118618),,H3k36me3
chr13(23908019),,H3k36me3
chr6(30634688),,H3k36me3
chr2(3478137),,H3k36me3
chr4(49112317),,H3k36me3
chr17(118622),,H3k36me3
chr15(78768042),,H3k36me3
chr12(48083303),,H3k36me3
chr15(34520631),,H3k36me3
chr1(114985122),,H3k36me3
chr7(158450617),,H3k36me3
chr17(40140805),,H3k36me3
chr19(6746009),,H3k36me3
chr1(193234286),,H3k36me3
chr1(156566870),,H3k36me3
chr7(98998307),,H3k36me3
chr2(102519479),,H3k36me3
chr3(49688973),,H3k36me3
chr1(1197380),,H3k36me3
chr6(13306845),,H3k36me3
chr6(36469781),,H3k36me3
chr2(131827540),,H3k36me3
chr16(2091296),,H3k36me3
chr1(236221517),,H3k36me3
chr4(1211879),,H3k36me3
chr5(456342),,H3k36me3
chr9(32568750),,H3k36me3
chrX(23713561),,H3k36me3
chr1(241674261),,H3k36me3
chr11(6534399),,H3k36me3
chr18(46855997),,H3k36me3
chr17(80082250),,H3k36me3
chr18(742501),,H3k36me3
chr8(128827175),,H3k36me3
chr19(2427817),,H3k36me3
chr5(1082027),,H3k36me3
chr3(136041238),,H3k36me3
chr6(34889879),,H3k36me3
chr10(5812205),,H3k36me3
chr10(96348601),,H3k36me3
chr2(32087684),,H3k36me3
chr12(32986971),,H3k36me3
chr22(41544436),,H3k36me3
chr16(230861),,H3k36me3
chr3(33603782),,H3k36me3
chr1(16650502),,H3k36me3
chr3(123666780),,H3k36me3
chr1(220181888),,H3k36me3
chr3(195990466),,H3k36me3
chr15(43705106),,H3k36me3
chr15(43705102),,H3k36me3
chr9(32568748),,H3k36me3
chr12(112148558),,H3k36me3
chr1(202928138),,H3k36me3
chr1(203772424),,H3k36me3
chr10(5948936),,H3k36me3
chr18(46855992),,H3k36me3
chr1(12573074),,H3k36me3
chr2(242115164),,H3k36me3
chr3(129548706),,H3k36me3
chr5(43486545),,H3k36me3
chr4(15986616),,H3k36me3
chr12(112694683),,H3k36me3
chr1(236218945),,H3k36me3
chr22(19056554),,H3k36me3
chr4(38063855),,H3k36me3
chr4(4303518),,H3k36me3
chr2(233768582),,H3k36me3
chr11(116775346),,H3k36me3
chr7(6505511),,H3k36me3
chr1(208210016),,H3k36me3
chr22(25851254),,H3k36me3
chr1(245952725),,H3k36me3
chr5(178288917),,H3k36me3
chr8(141728816),,H3k36me3
chr3(195990735),,H3k36me3
chr9(6838925),,H3k36me3
chr2(10754378),,H3k36me3
chr14(23243320),,H3k36me3
chr11(95768249),,H3k36me3
chr14(103084143),,H3k36me3
chr8(68191298),,H3k36me3
chr7(77397759),,H3k36me3
chr16(89630620),,H3k36me3
chr16(84744320),,H3k36me3
chr15(89631197),,H3k36me3
chr15(34722132),,H3k36me3
chr21(18924884),,H3k36me3
chr16(82093119),,H3k36me3
chr9(26926818),,H3k36me3
chr7(63980206),,H3k36me3
chr2(171812333),,H3k36me3
chr7(100889751),,H3k36me3
chr7(100889746),,H3k36me3
chr6(44376109),,H3k36me3
chr15(66780852),,H3k36me3
chr14(103084148),,H3k36me3
chr11(120301979),,H3k36me3
chr14(35007688),,H3k36me3
chr5(112241141),,H3k36me3
chr4(68628111),,H3k36me3
chr4(49647080),,H3k36me3
chr4(49647075),,H3k36me3
chr17(46990011),,H3k36me3
chr4(49637107),,H3k36me3
chr4(49119323),,H3k36me3
chr4(49103964),,H3k36me3
chr4(190179909),,H3k36me3
chr22(31857148),,H3k36me3
chr1(236146149),,H3k36me3
chr22(25469672),,H3k36me3
chr20(31104596),,H3k36me3
chr1(156911110),,H3k36me3
chr3(152045462),,H3k36me3
chr16(75205276),,H3k36me3
chr16(21268017),,H3k36me3
chr12(46785534),,H3k36me3
chr2(241072976),,H3k36me3
chr12(49323338),,H3k36me3
chr1(7809320),,H3k36me3
chr1(231543013),,H3k36me3
chr7(217258),,H3k36me3
chr4(49124482),,H3k36me3
chr3(15299558),,H3k36me3
chr11(107825135),,H3k36me3
chr10(76187050),,H3k36me3
chr10(128961360),,H3k36me3
chr20(62299311),,H3k36me3
chr8(121348267),,H3k36me3
chr1(16583568),,H3k36me3
chr14(105906802),,H3k36me3
chr3(69108814),,H3k36me3
chr9(104179622),,H3k36me3
chr20(30958888),,H3k36me3
