Gene,c,c,d,d
111241,10.484471,9.744419,11.136328,10.268108
15130,5.499728,0.417311,3.054834,8.62678
104069,7.375134,4.777348,3.253088,5.339354
270599,4.423633,7.111249,5.056474,3.557777
19110,7.033219,3.246364,2.338775,4.010003
107849,8.255136,5.720295,3.69173,2.471334
18811,6.820292,6.343225,4.529459,4.393332
56635,6.654838,4.324366,4.944496,1.545335
13070,3.973659,4.468756,2.307066,4.393332
114872,3.5262,3.676352,2.865062,3.471334
18775,4.154231,3.568292,2.823642,3.10605
18812,3.388696,5.457261,3.252618,3.030762
19113,4.569269,5.415675,3.007081,3.376653
13421,1.651731,5.502704,3.307066,3.030762
16185,3.040859,4.612998,3.088738,2.175004
21942,1.651731,5.552172,2.307066,2.223407
20287,1.803734,3.335173,1.789218,1.223407
246190,2.651731,2.398367,1.137141,1.808369
14411,2.236693,2.361841,0.055504,1.545335
243862,2.651731,3.002438,1.274645,2.425041
77522,2.651731,2.398367,2.459069,3.808369
18776,1.314696,6.912489,2.845486,0.545335
26898,1.651731,6.909329,3.837581,1.808369
18703,5.236693,0.302073,1.722104,1.915285
14916,6.128545,1.005356,1.596573,1.40561
22264,5.781014,0.430447,1.666999,1.799807
99686,4.366516,3.112063,3.100615,2.486441
214523,8.854021,0.269084,2.137141,2.416052
76905,8.638646,0.813405,2.359534,1.223407
16612,8.31507,2.076439,4.044032,4.31087
53315,5.911623,3.19836,4.58099,5.515253
641361,8.39368,3.921425,7.152052,7.068393
11814,4.345809,0.076439,1.722104,4.31087
18124,3.566417,0.508524,1.447821,4.062118
14171,0.066768,1.245489,4.958422,4.958422
100504156,1.066768,2.245489,2.184787,5.221286
18071,1.066768,3.093486,2.447821,3.946518
64290,1.066768,4.621061,2.670214,4.621061
15208,3.065216,4.245489,3.184787,2.098521
17703,2.219992,5.004853,5.004853,1.583948
71137,2.435252,2.830452,5.319649,0.876129
22774,1.066768,3.359559,3.359559,0.776593
18014,3.708753,2.245489,4.941419,0.223407
11923,3.309864,3.382993,2.32229,0.651062
16873,3.028148,2.938886,2.938886,0.808369
18992,2.388696,3.245489,2.599824,0.398082
381359,1.066768,3.085859,3.085859,0.776593
545474,1.716805,4.212505,4.212505,0.223407
22771,3.236693,1.830452,1.769749,0.016956
11924,2.236693,5.394806,0.225429,0.053482
630499,3.388696,5.986051,0.862859,0.030762
17195,2.933232,4.956094,7.016796,8.42499
207854,5.797279,5.114258,7.049429,9.653543
11537,3.524364,2.076439,7.925044,2.545335
15398,4.015098,5.390971,6.714707,3.216011
622117,3.84493,2.898874,4.959577,7.133305
100038628,1.25516,4.436704,6.197846,6.975989
15007,0.585308,6.078561,7.056801,7.640566
13034,1.443716,5.125682,5.970031,5.193033
545056,0.874123,6.918084,5.600275,7.271503
544707,1.518194,7.153255,7.431762,6.580959
11808,5.47239,2.634434,6.052025,6.760841
20518,5.487111,0.923561,3.459069,4.682838
12279,0.518194,2.646091,4.291756,6.793059
14917,0.933232,1.485175,5.63334,6.917545
99662,0.933232,4.579556,5.31833,7.159483
19202,0.933232,5.324366,3.944496,5.615724
72040,1.933232,4.072879,5.133581,7.027202
100503240,2.25516,3.076439,3.837581,1.223407
22702,0.518194,2.883794,1.722104,2.808369
15486,7.144767,2.135333,2.837581,4.2083
22037,4.25516,2.398367,4.529459,6.66635
13074,0.066768,3.246364,2.722104,4.31087
241452,0.933232,4.163902,3.596573,4.923847
71967,0.066768,5.89868,5.222417,7.367576
23993,1.518194,0.076439,1.137141,5.867263
73712,1.481806,0.969524,2.137141,4.663979
100504474,1.518194,4.036572,6.097275,9.271003
74437,3.325549,4.489197,8.041753,10.50653
19215,3.724596,2.923561,3.862859,0.923847
20201,2.518194,0.213942,0.599824,0.291166
140477,1.518194,2.371608,2.371608,2.371608
101694,3.094987,1.48753,0.137141,1.808369
268755,1.518194,2.508524,3.95657,0.776593
22044,0.933232,2.398367,0.137141,2.925241
14525,3.933232,0.660527,1.184787,2.098521
63828,0.840122,0.426061,1.628393,2.864056
12346,6.962586,1.924436,0.599824,2.098521
20415,1.21334,1.561866,0.753813,1.098521
100041231,1.781229,1.586526,0.788858,8.300885
14174,4.138441,2.730916,2.670214,5.923302
239336,1.155624,5.302812,0.692934,3.776593
15024,0.401635,1.374222,1.294411,3.871111
381813,0.230267,0.186595,1.447821,3.361556
193740,0.429338,0.830278,2.213356,2.12709
66650,0.624764,0.736476,1.130339,3.798961
15209,0.933232,0.660527,0.184787,7.103758
667766,0.499728,2.953308,1.155641,8.092631
77945,2.388696,4.756451,4.110786,5.609483
14080,3.103157,3.776879,4.224604,3.393332
243385,1.740587,3.98333,3.596573,1.808369
209448,5.646782,3.661401,4.918501,0.223407
16175,3.236693,2.409832,1.722104,1.223407
11997,2.125662,2.883794,3.552179,2.886372
17381,1.629417,2.076439,1.137141,2.808369
320606,2.560304,2.599497,1.660199,1.746464
11833,2.404638,0.417476,0.317713,0.840078
18414,1.289161,1.439009,1.329786,1.503515
11752,2.569269,1.661401,0.847635,1.348938
16178,2.066768,1.98333,0.459069,2.130297
16369,2.388696,2.076439,0.722104,0.545335
54123,4.154231,0.70447,0.378149,1.085903
111970,1.481806,1.228442,2.897954,2.545335
229722,4.044048,0.298831,2.196035,1.638444
16875,3.459086,2.260864,2.350135,2.348938
14943,3.066768,1.491476,0.874107,2.030762
320038,3.182246,0.813405,2.472744,2.897179
140474,5.194358,0.104357,2.722104,0.223407
105349,4.499728,0.561866,1.274645,0.988942
16541,3.504174,0.408988,2.283983,1.503515
20531,4.276222,0.408988,2.236677,1.939614
16819,4.696125,1.454951,1.338775,1.293796
171283,4.710625,1.076439,2.837581,2.223407
18669,4.199794,1.076439,3.166889,2.942225
20750,4.468867,1.594287,2.608447,2.407831
15483,3.848128,0.854047,1.030226,0.585977
56838,1.5262,0.076439,1.137141,0.361556
18599,3.182246,0.076439,1.552179,1.808369
79235,4.132858,1.923561,1.944496,1.923847
13661,2.066768,1.923561,0.862859,0.223407
64177,2.931839,1.001564,0.281531,2.125226
76507,3.973659,1.085832,0.440533,2.476173
108078,0.933232,1.213942,0.400176,0.223407
19011,0.651731,3.883794,0.722104,1.223407
20538,1.44528,2.687874,0.874107,1.445799
18787,0.857315,2.643699,1.649954,1.055679
21788,0.156818,2.564104,1.308062,1.57021
241070,0.518194,2.739404,1.552179,1.638444
16854,0.767208,1.222517,0.039294,1.511838
20706,0.268402,1.869988,1.400176,1.403979
20845,0.532432,1.22328,0.115625,1.074263
77632,0.651731,1.70447,0.999638,0.348938
69121,0.066768,1.439009,0.651714,1.116492
57444,1.066768,0.28289,0.563298,1.429858
20379,3.314696,0.993977,3.032784,0.638444
20558,2.651731,0.575638,2.32229,1.348938
20716,3.420169,0.093486,2.032784,0.946518
13529,4.939811,1.890596,2.160539,2.900054
71995,4.629229,2.937606,3.254788,2.464534
19124,1.339787,1.518719,1.777389,2.487288
56213,1.842337,1.720516,0.958754,2.286377
385643,1.651731,1.245489,0.622568,3.186881
93695,2.651731,1.093486,1.032784,1.808369
20390,5.154231,3.983873,1.459069,2.545335
22436,2.651731,1.508524,0.082693,1.275874
69761,1.651731,1.660527,2.697856,3.501392
12918,2.651731,0.923561,0.862859,0.808369
12772,3.569866,3.076439,3.307066,1.808369
18788,2.933232,2.739404,2.552179,0.361556
14473,1.670197,1.269084,1.577714,1.116492
319660,0.066768,2.076439,1.722104,1.808369
22784,0.740587,1.508524,1.552179,2.886372
110855,2.844443,0.076439,1.552179,3.097876
15957,1.481806,1.398367,1.307066,2.615724
19116,0.329803,1.076439,2.091338,3.081388
432777,0.066768,0.661401,2.596573,2.808369
20272,0.032767,2.076439,2.639642,2.445799
100041585,0.196266,1.661401,2.944496,4.030762
73010,0.17424,1.86071,2.748576,2.821666
245555,0.710625,1.841974,3.024667,2.486441
246730,0.518194,2.883794,2.137141,2.545335
622665,2.518194,0.661401,1.722104,3.393332
100043636,2.020695,2.600001,2.596573,1.682838
667213,1.807701,1.561866,1.815213,1.988942
269275,1.740587,1.813405,2.01161,0.638444
64214,1.561263,1.235638,1.160988,1.016956
104943,0.826316,0.15044,0.940861,0.499041
NR_045798,0.933232,0.728516,0.085251,0.583948
14422,0.740587,0.075564,2.063141,2.456068
30060,1.25516,0.076439,1.252618,2.030762
19073,0.300963,0.553253,0.169837,0.393332
103098,0.066768,0.076439,0.985138,0.486441
NR_046214,0.25516,0.076439,1.459069,0.808369
22712,0.211158,0.545924,1.244056,1.522967
320492,0.066768,0.076439,0.459069,1.030762
668030,1.103157,0.923561,0.137141,1.030762
55932,1.44528,0.491476,1.552179,0.960372
21789,0.803734,1.639768,0.801458,1.092162
56720,1.010185,1.286131,0.573352,0.697338
100040462,1.933232,1.661401,0.447821,0.223407
16519,0.840122,0.076439,0.914749,0.875484
105387,1.103157,0.049092,1.862859,0.338884
319336,0.125877,0.286131,0.710856,0.139163
171285,0.066768,0.730916,1.085251,0.223407
20259,0.066768,0.076439,0.137141,1.223407
242341,1.518194,1.145953,1.085251,2.059908
230822,3.409846,1.076439,0.722104,0.223407
140491,0.590344,0.813405,1.967216,1.577044
74633,0.933232,2.883794,3.722104,3.223407
246133,3.020965,2.661401,3.307066,3.223407
225825,0.418659,2.535871,2.307066,1.808369
414111,0.5262,0.883794,1.596573,1.545335
433247,0.066768,1.813405,1.359534,2.223407
67758,0.481806,2.776879,2.596573,4.030762
69729,0.518194,0.661401,1.722104,3.130297
73549,0.5262,0.398367,0.722104,1.682838
97848,0.481806,0.076439,1.137141,1.223407
329514,5.254077,0.317447,1.737328,0.42867
12873,5.45442,0.535871,0.277896,1.191631
76117,2.518194,0.950908,1.01161,1.361556
72716,5.696238,0.454951,0.400176,0.708834
12140,4.805585,1.771558,2.447821,0.946518
11687,2.066768,0.661401,0.377432,0.098521
104382,1.651731,1.076439,1.137141,0.223407
330164,1.651731,0.245489,0.815213,0.513559
18508,1.651731,0.701169,0.447821,1.776593
18423,2.651731,1.076439,0.722104,0.545335
18509,3.70622,0.883794,0.459069,0.223407
18993,4.352171,0.721927,0.307066,1.098521
240590,2.216581,2.398367,1.137141,2.127319
56847,0.914765,0.754511,1.137141,0.513559
100040294,1.289161,0.076439,0.670214,0.998986
18072,0.826316,4.645502,0.862859,0.393332
17932,0.94643,1.923935,0.137141,1.545335
226180,0.066768,1.730916,2.670214,0.416052
240690,0.933232,2.245489,2.184787,0.098521
12570,1.066768,1.883794,0.722104,0.808369
14170,0.710839,0.298831,0.125893,1.638444
18211,0.518194,0.813405,0.552179,1.361556
15228,2.125877,0.746683,0.073011,1.715193
20675,0.241855,0.338599,0.470541,0.969238
29873,1.518194,0.338599,0.277896,0.808369
100037282,1.134866,1.924436,0.014862,0.098521
17928,0.295802,0.98333,0.307066,1.454665
21869,0.026126,1.163902,1.044032,0.776593
319586,0.388696,0.841099,0.780397,1.864056
94090,0.982624,0.076439,0.014862,2.098521
20262,0.933232,0.338599,1.862859,1.191631
17172,0.543285,2.862161,2.064493,0.715193
15571,0.281155,1.781542,1.0204,0.547111
107831,0.066768,1.923561,0.377432,1.098521
13389,0.552195,1.286131,1.032784,1.361556
228858,0.597283,2.093486,1.032784,0.946518
18991,0.74484,1.286131,1.447821,0.946518
327799,1.066768,1.186595,0.862859,0.097876
330166,0.066768,2.678449,0.810391,0.444018
332221,1.973659,3.382993,1.32229,0.236025
223227,0.481806,2.508524,0.862859,0.554201
20604,1.651731,0.923561,2.862859,0.454665
18012,1.388696,0.771558,0.032784,0.223407
53626,0.651731,0.730916,1.085251,0.998986
11878,1.066768,0.661401,0.862859,2.926809
16370,0.803734,0.213942,0.097324,2.513559
18530,0.914765,0.338599,0.722104,3.389872
380768,0.066768,0.730916,0.651714,2.583948
170729,1.409846,0.923561,0.862859,1.776593
72014,0.066768,0.338599,0.862859,4.214631
110805,2.5262,0.302073,0.755944,0.477033
18504,2.388696,1.245489,0.400176,0.098521
13796,1.388696,0.560991,0.862859,0.322943
26927,2.182246,0.382993,1.32229,0.236025
12023,1.5407,0.109974,0.514935,0.464415
15223,1.651731,0.923561,0.862859,0.053482
78303,1.874123,1.123745,0.769749,0.123871
408064,1.651731,0.591012,0.030226,0.808369
20674,0.465318,0.441723,0.253649,0.044526
13631,0.651731,0.213942,0.184787,0.776593
223726,1.651731,0.186595,0.225429,0.776593
12971,1.066768,0.821681,0.050486,0.325286
235180,0.803734,0.122243,0.232093,0.03035
74137,1.028294,0.408988,0.204255,0.73798
22360,0.874123,0.883794,0.459069,0.223407
270004,1.289161,0.682553,0.737328,0.287537
56863,0.767208,0.135065,0.4154,0.156293
83395,1.339021,0.104133,0.855164,0.815693
13082,2.066768,1.014709,0.523372,0.690863
215031,0.914765,1.049092,0.447821,0.191631
319158,0.259413,0.001564,1.110786,0.217166
546726,1.803734,0.923561,1.599824,1.098521
15397,1.204534,0.133022,0.741213,0.334438
15432,2.163529,0.23398,1.051411,0.669678
15433,1.945615,0.243089,1.380412,0.069375
330369,0.173684,0.754511,1.400176,0.223407
14175,1.155624,2.171489,2.110786,1.439558
15430,0.323178,0.667722,0.179577,0.170257
15438,0.107796,1.481557,0.890339,0.237727
16917,1.194524,0.62983,0.0097,0.207227
NR_046275,0.584617,0.432575,0.277896,0.462485
15431,0.561263,1.447123,0.198542,1.4928
65100,0.710839,1.660527,0.377432,2.098521
14179,0.554562,1.674534,1.113402,1.212692
320522,0.403803,0.862161,1.216496,0.300155
320145,0.614256,1.145953,1.348286,0.257354
320590,0.782975,2.070402,0.729592,0.408861
22772,0.55296,0.637257,0.662232,0.075308
22773,0.763307,2.061065,0.074363,0.776593
76898,0.066768,0.660527,0.137141,3.916284
100037260,1.388696,1.830452,6.541675,1.361556
319352,3.066768,0.25961,1.544683,2.04338
433855,2.037622,0.788098,4.339839,0.236336
668137,3.459086,0.271484,5.255176,0.468471
12268,3.767208,1.99395,0.795745,1.361556
96875,3.72212,1.277198,1.064493,0.599715
94180,2.388696,1.508524,3.503429,0.638444
100503104,0.670197,4.508637,2.447821,0.223407
16176,0.066768,1.923561,4.981699,1.682838
214922,0.066768,0.245489,0.599824,1.988942
107766,0.933232,0.561866,1.274645,3.327744
76933,1.066768,0.661401,3.224604,1.545335
110257,0.780187,3.050599,0.959957,2.428007
626009,1.769733,5.361841,2.937832,3.030762
14468,0.066768,1.971698,6.202325,2.118666
13106,1.874123,2.661401,7.982631,2.545335
57435,0.066768,1.942577,6.588242,3.089545
18534,2.314696,1.883794,5.067879,0.223407
16433,2.767208,1.661401,2.944496,2.808369
12628,0.931839,2.398367,3.543134,2.36091
193280,0.74484,1.491476,3.075741,0.960372
69513,0.782975,1.491476,2.722104,1.338884
320440,0.941237,3.535871,3.944496,3.808369
140494,2.651731,1.076439,2.307066,3.615724
100038847,1.5407,0.076439,3.224604,3.030762
320333,1.5262,0.076439,4.137141,3.030762
623796,0.225967,0.12287,3.347852,3.205848
100043232,0.196266,1.883794,3.865062,3.030762
15220,0.933232,2.076439,3.385069,2.923847
170722,1.302465,1.864935,2.743799,3.491896
18617,0.2714,0.98333,2.529459,4.004767
70701,0.289161,2.076439,2.137141,4.393332
22445,0.066768,1.076439,1.515653,3.327744
279706,0.704198,1.474988,1.847635,1.973429
52609,0.192299,1.826461,1.963112,2.830064
230678,0.581341,2.661401,2.01161,2.886372
70696,0.058763,2.349457,1.552179,1.808369
218865,2.125662,0.754511,2.769409,3.071404
243653,1.289161,2.776879,3.459069,1.545335
17173,0.070735,3.246364,2.722104,4.393332
108811,0.236693,2.98333,3.596573,3.746969
17751,0.123352,4.246364,3.137141,4.130297
18416,0.518194,3.246364,3.137141,4.030762
16716,0.781229,3.883794,3.307066,4.130297
70291,0.914765,3.246364,3.596573,4.471334
20510,1.066768,3.89868,4.959382,5.308682
85031,0.155624,2.883794,4.892029,5.31087
11770,0.196266,1.228442,4.342256,1.753922
230828,0.125877,1.661401,2.722104,1.901479
16644,2.189571,1.269084,2.651714,4.008509
11813,4.191966,2.035797,3.688315,4.545335
27219,3.25516,1.076439,4.722104,4.746969
18399,3.726029,0.076439,3.660703,4.508809
230163,2.435732,0.754511,2.769409,4.75946
14120,2.933232,0.661401,3.596573,4.081388
72112,3.25516,0.076439,3.459069,5.31087
20730,3.020695,0.535871,1.224604,3.762566
58865,1.020695,0.076439,2.673194,3.327744
12354,0.987679,0.246364,3.580085,4.245775
12738,1.933232,0.508524,3.096499,4.419804
14261,2.080073,0.236904,2.450558,4.144373
14275,0.933232,0.398367,3.266424,4.200687
72002,1.380691,0.62898,2.552179,4.20526
268663,2.139683,0.517012,2.53924,3.644871
22349,0.32916,0.339473,2.543134,3.999511
171284,0.933232,1.076439,3.044032,4.867263
107753,1.407163,1.813405,3.944496,5.767727
22626,0.933232,1.076439,3.596573,5.649672
11936,2.688119,1.246364,3.422543,5.124274
75396,2.740587,1.739404,3.181535,4.803351
65969,2.562588,2.22328,5.239679,6.319934
93835,1.463746,2.076439,3.944496,5.030762
226564,3.575908,0.923561,2.307066,4.615724
30962,1.933232,0.145953,2.37418,4.030762
69307,1.933232,0.338599,1.892029,1.867263
12309,0.044742,1.269084,3.922243,5.678147
212070,1.684439,1.738384,5.384049,7.277669
12182,0.518194,3.246364,3.459069,4.030762
20186,1.25516,2.883794,3.459069,4.808369
19941,1.245962,4.353597,3.785266,4.204921
114644,1.032767,1.661401,3.978444,3.995996
238055,1.130927,1.447277,3.170944,4.593042
72074,2.518194,2.076439,3.459069,4.030762
66112,1.859231,0.661401,2.41016,3.828269
68279,2.392663,1.246364,2.892029,4.200687
98256,0.25516,2.398367,4.044032,4.978294
218963,0.5262,0.627822,3.781245,0.316468
16878,1.518194,0.076439,1.359534,1.361556
329502,1.103157,0.730916,0.789218,2.583948
18784,0.155624,1.445673,1.459069,1.776593
381677,0.066768,1.776879,0.862859,0.191631
15129,4.023344,3.171801,2.958171,3.708834
15493,4.103157,2.535871,2.137141,1.393332
15497,2.684411,2.719084,2.098803,2.071964
15959,1.518194,1.661401,0.722104,2.030762
12654,3.644523,2.661401,2.459069,2.223407
239759,3.25516,1.298831,0.874107,1.808369
320563,1.518194,2.175975,1.030226,0.875484
100503605,0.762804,0.825883,0.830469,1.428195
14944,0.066768,1.356547,0.670214,1.116492
171504,0.481806,0.203669,0.142967,0.457872
108115,0.984306,0.186595,1.225429,0.039628
24110,0.803734,0.408988,0.670214,1.322943
17067,0.481806,0.186595,1.862859,1.445799
14941,1.204272,1.076439,1.400176,1.708834
70129,0.066768,0.535871,0.944496,2.081388
239559,0.481806,1.076439,0.359534,2.282301
16181,2.066768,1.438134,2.184787,0.398082
100034251,2.388696,0.339473,0.599824,0.098521
244911,2.388696,0.076439,1.277896,0.030762
58185,0.651731,0.531244,0.614931,1.267801
223650,1.388696,0.164569,0.24137,1.155105
269643,1.651731,0.338599,1.447821,0.776593
12994,0.388696,1.076439,2.71559,3.030762
69065,2.388696,1.661401,0.137141,3.808369
14526,0.266655,1.339473,0.850837,2.098521
279572,0.155624,0.883794,1.359534,2.361556
14133,0.740587,0.365946,0.225429,1.946518
75541,0.596197,0.236904,0.249882,3.864056
12524,0.066768,1.398367,0.277896,0.776593
14178,2.481806,0.365946,1.137141,1.361556
16491,1.236693,1.660527,0.274645,0.098521
100039138,0.192299,0.599117,0.397896,0.756415
237890,1.155624,1.146828,0.277896,1.011058
13733,0.388696,2.076439,1.789218,0.585977
14404,1.289161,1.661401,0.499711,0.416052
170743,0.066768,1.163902,0.055504,0.454665
14544,1.259413,0.076439,0.962394,0.223407
16409,0.651731,0.006023,0.573352,0.698591
18511,0.329803,0.076439,0.400176,0.098521
12266,2.710625,0.398367,2.216368,0.459035
12879,1.941237,1.213942,1.622568,1.486441
232345,1.901345,1.305573,0.356151,1.623586
58187,2.581341,0.398367,0.944496,1.808369
78906,1.651731,1.339473,2.207531,1.486441
16149,1.803734,1.076439,0.960263,0.429858
13395,1.635052,0.134328,0.781558,0.479421
13396,1.6948,0.267515,0.925637,0.536565
213956,1.289161,0.739404,0.639642,0.338884
18510,2.038754,0.601633,1.892029,1.615724
14598,1.429338,0.145953,0.236677,1.585977
225997,2.125662,0.145953,0.789218,1.663979
14066,1.342403,0.025214,0.900701,0.841536
23945,1.21361,1.47637,1.506375,0.860837
76747,0.25516,0.535871,0.137141,1.030762
11847,2.066768,0.398367,1.307066,2.030762
320453,2.388696,0.728516,1.417249,2.223407
14348,3.314696,0.076439,1.274645,1.223407
67030,2.5262,0.076439,1.137141,1.223407
319317,1.507341,1.398367,2.224604,2.130297
100034726,2.153976,0.658474,0.775839,0.350478
11830,2.691259,0.104133,0.750118,0.7798
231724,2.182246,0.076439,1.080558,0.522967
14807,1.236693,1.473329,0.359534,0.016956
242700,1.314696,1.03337,0.57324,0.042835
319582,1.758646,0.330196,0.137141,0.477033
12977,1.361729,0.084026,0.251158,0.324207
320692,1.320525,0.338599,0.055504,0.393332
235533,1.803734,0.045552,0.175615,0.143237
231002,1.192299,0.476102,0.378149,0.156293
72351,1.09143,0.009325,0.000362,0.236025
27385,1.094249,0.298831,0.767192,1.24048
242259,1.303808,1.408988,0.007249,0.846982
228139,1.420405,0.302073,0.021664,0.692892
56708,1.259413,0.660527,0.310318,0.223407
22135,3.739194,0.586526,0.269484,0.52202
272636,3.236693,0.164569,0.684629,0.10793
320635,3.388696,0.601633,0.722104,0.393332
320910,2.020965,0.084026,0.281531,0.560442
74442,2.614256,0.029133,0.540497,1.398494
16426,0.360653,1.420393,1.99129,0.307108
11657,0.959655,0.963964,1.361822,0.718982
18670,1.781229,0.398367,0.944496,1.776593
230558,1.090773,0.91294,0.499711,1.998986
18478,0.348269,1.491476,1.01161,1.361556
13628,1.089736,1.475709,0.898982,1.300155
214112,1.518194,1.169548,1.753813,0.876129
329977,1.427996,0.491476,1.252618,0.776593
20849,1.585308,0.661401,1.944496,0.776593
109272,1.471652,1.307764,1.701042,0.052228
68802,0.435732,1.491476,1.722104,0.361556
238377,0.649439,0.883794,0.837581,0.191631
243764,0.463746,0.70447,0.737328,1.236025
268491,1.418659,0.854047,0.137141,1.583948
242248,1.933232,1.454951,0.985138,0.223407
320609,1.896706,1.62898,1.274645,1.016956
12835,0.116694,1.426538,1.101136,1.171453
14560,0.5655,0.685766,0.562671,2.174186
15360,1.933232,0.761134,0.827332,1.452896
328795,2.25516,0.507073,0.567776,1.978227
12262,1.643725,1.076439,0.070027,1.148562
12260,1.13759,0.654612,0.177219,1.466909
21387,0.918125,0.364564,0.281531,1.539094
108101,1.051413,0.046692,0.229641,1.165235
17523,0.748392,0.185336,0.301183,0.929296
19354,1.048709,0.084754,0.320207,0.818904
20375,1.55472,0.251615,0.497574,1.199805
72318,0.763307,0.301731,0.205251,1.534023
17916,1.181159,0.205961,0.83115,1.946518
545030,1.348269,0.709436,0.33679,2.250524
330096,0.261108,0.865045,0.847228,1.877477
380702,0.603083,0.529282,1.037945,1.513559
14870,1.09487,0.120958,0.919295,1.056701
232984,0.456794,0.593412,0.670214,1.905876
67874,0.418659,0.264598,0.684522,2.324081
70571,0.162714,0.673583,1.902387,1.526615
241118,0.380691,0.887035,0.978336,1.89207
16870,0.277756,1.071841,0.622367,1.049053
75404,0.151657,0.389225,0.550915,1.175143
20715,0.997362,0.376073,0.039737,0.307108
57255,1.859231,0.077889,1.040646,0.315262
110385,0.401187,0.271484,0.137141,0.322943
16841,0.456794,0.68216,0.064493,0.052228
12165,0.282566,0.456056,0.710856,1.258462
12116,0.410723,0.245489,0.037606,0.983044
18302,0.118607,0.525802,0.430748,0.895892
15458,0.207407,0.169548,0.317713,0.435556
20700,0.284704,0.042206,0.443803,0.380664
11699,0.498829,0.114282,0.371127,1.282292
75552,0.303375,0.095548,0.462911,1.420449
22370,0.160899,0.197745,0.203896,1.106983
12802,0.161501,0.492927,0.52844,0.840723
77799,0.25516,0.624001,0.103867,0.776593
75104,0.721728,0.689096,0.092341,0.864056
14676,0.876648,0.019855,0.170981,1.669678
58176,1.139683,0.171489,0.651355,1.217166
320139,1.640185,0.090458,0.234115,1.542128
75986,1.933232,0.163902,0.862859,0.606668
246086,0.066768,0.781542,0.633377,2.634574
100102,0.632672,0.270011,0.188845,0.60847
71872,0.651731,0.464129,0.385069,1.191631
225631,0.058405,0.841099,0.371607,0.571274
26424,0.166304,1.133014,0.320005,0.664118
12401,1.430565,0.76258,0.896133,1.646958
16425,0.276024,0.026429,0.186929,1.615702
268756,0.588242,0.063264,0.226146,1.803065
58223,0.119236,0.661401,0.039737,1.155105
18946,1.25516,0.231683,0.103867,2.155105
58992,0.884322,0.196733,0.823033,1.978227
16424,1.456794,0.061065,0.485065,0.348938
71753,0.085235,1.430076,1.054679,0.139163
15427,0.933232,0.454076,0.624699,2.25464
12404,0.66193,0.626636,0.417249,0.940092
15404,0.506417,1.113386,0.660366,1.878955
15425,0.276533,0.53529,0.950322,0.957165
15426,0.506417,0.338599,0.107971,0.902124
320415,0.795728,0.076439,0.167713,0.998986
15437,0.323178,0.32211,0.472912,0.386647
20689,0.012321,0.286131,0.795035,0.410465
18505,0.493947,0.433991,0.004878,0.508809
15395,0.457894,0.300871,0.755054,0.447838
15396,0.311743,0.145152,0.63757,0.113782
21384,0.787892,0.910853,1.253955,0.814152
100504616,1.840122,0.523898,0.765172,0.9339
17286,1.120859,0.871619,0.693535,0.135944
67606,0.793054,0.745233,0.524164,0.307108
13807,1.977959,1.103406,0.496684,1.080449
12424,1.462697,0.324366,0.403427,1.030762
407790,2.733525,0.478537,0.283983,0.585977
15417,0.420405,0.813937,0.901333,0.125226
18503,0.66193,0.364134,0.718469,0.352095
215001,1.128169,1.245489,1.506715,0.835487
18089,0.481806,0.974187,1.913485,1.312646
15414,0.091859,0.881333,1.61418,1.975373
15416,0.085384,1.030476,1.969774,1.525054
18096,0.066768,2.070402,2.0097,2.145827
239530,0.329803,1.338599,3.277896,1.969238
18994,0.803734,2.093486,2.032784,1.946518
15407,0.554869,1.560991,1.862859,1.414023
226518,0.597283,1.033186,2.050486,1.549183
15511,1.166304,0.759249,1.940861,1.632203
18164,1.597283,0.910386,1.345641,1.415494
101602,0.453791,0.379241,0.98839,1.661116
54377,0.729733,0.508524,1.007249,2.846982
668489,1.569269,0.787906,1.690678,2.466909
13842,0.356275,0.036036,0.725355,0.706204
243897,1.651731,0.728516,0.329786,0.583948
17988,1.155773,0.267701,0.05175,0.0834
18452,0.666681,0.33788,0.083612,0.220582
11676,1.263569,0.435981,0.137141,0.045082
15277,1.277964,0.014443,0.222645,0.104897
217166,1.351222,0.274378,0.278497,0.163616
20249,1.084656,0.370244,0.003211,0.051629
74747,1.279313,0.075132,0.053077,0.087867
229599,1.585005,0.468557,0.505702,0.470967
100689703,0.621736,0.8617,1.296798,0.526799
18559,0.092764,0.711154,1.083971,0.560442
20378,0.170391,0.241498,1.039166,0.308296
654824,1.019974,0.702043,1.030226,1.094124
67749,1.133883,0.505282,1.080558,1.10793
58801,0.369331,0.220829,1.428373,0.297407
68436,0.472761,0.367168,1.895168,0.056701
13479,0.10741,0.760062,0.575978,0.164513
12765,0.084349,0.352182,0.778467,0.211772
319504,0.155624,0.269084,0.554736,0.223407
11647,0.182591,0.002996,0.085251,0.197412
225583,0.740587,0.013759,0.206813,0.500941
17749,0.053791,0.239254,0.543486,1.148062
67531,0.363866,0.075564,0.310318,0.931226
19946,0.053963,0.107852,0.058813,0.468244
69550,0.067533,0.039038,0.565985,1.40561
14622,0.420405,0.780983,0.447821,0.62459
192212,0.176503,0.491476,0.014862,0.983044
12333,0.033294,0.120417,0.353103,0.242911
226250,0.691259,0.28289,0.061192,0.477033
16668,0.610191,0.428008,0.045166,0.029798
16691,0.778446,0.385242,0.25182,0.353751
224833,0.44528,0.366658,0.352998,0.110331
245128,0.754824,0.239938,0.648734,0.466253
14964,0.993705,0.490261,0.15748,0.547652
14726,0.49766,0.365946,0.234003,0.440063
66898,0.463069,0.132655,0.127555,0.385882
17684,0.253705,0.240367,0.343894,0.076932
19228,0.314696,0.182939,0.119583,0.271358
14148,0.367635,0.093926,0.008408,0.068056
94242,0.292772,0.189968,0.013909,0.109335
76630,0.448639,0.076439,0.390898,0.10793
54601,0.087898,0.137075,0.196282,0.307617
18126,0.066768,0.049092,0.640466,0.039628
231507,0.431765,0.650174,0.068428,0.884605
20671,0.236693,0.464129,0.422543,0.35269
19142,0.066768,0.612492,0.725355,0.291166
16007,0.31656,0.49332,0.129588,0.116208
71774,0.218771,0.786932,0.201272,0.156293
12142,0.461628,0.569924,0.289144,0.860837
14425,0.339787,0.555829,0.182945,0.03035
26570,0.832303,0.167487,0.503269,0.431993
77037,0.481806,0.585691,0.205621,0.31087
380669,0.514227,0.690584,0.488513,0.446861
12839,0.199043,0.737281,1.032704,0.332048
16874,0.066768,1.225302,1.039844,0.400285
13175,0.150184,0.348965,0.930141,0.484059
78388,0.273219,0.692295,0.870355,0.899135
212712,0.412543,0.46763,0.934324,0.175313
12351,0.474853,0.043471,0.827332,1.366532
235283,0.481806,0.186595,0.478178,1.223407
17748,0.072744,0.175108,0.254364,1.143237
17750,0.215684,0.092704,0.271006,1.403594
108098,0.254226,0.550022,0.19673,0.839889
20229,0.465453,0.39648,0.322697,1.199639
652925,0.424218,0.217292,0.443803,0.997847
231571,0.114863,0.023097,0.912075,1.062471
56397,0.214591,0.145036,0.447876,1.008511
20908,0.145939,0.206319,0.412321,1.391007
19652,0.001603,0.370329,0.410368,1.036213
73824,0.086134,0.290564,0.470565,1.474368
69941,0.175802,0.053355,0.803718,1.091617
108653,0.031839,0.251049,0.012398,0.806889
20520,0.072635,0.197745,0.111606,0.638444
106344,0.113311,0.008994,0.058753,0.812986
73736,0.022465,0.240247,0.084288,0.969595
68735,0.010692,0.031364,0.22873,0.635556
69792,0.037849,0.198605,0.119925,0.820774
69713,0.171489,0.14038,0.065662,0.747537
68999,0.086041,0.076439,0.150346,0.483407
56615,0.155624,0.168231,0.168392,0.509079
66061,0.380429,0.425773,0.075403,0.775049
22156,0.291642,0.292168,0.495127,1.093639
319371,0.128169,0.105168,0.057414,1.21563
239167,0.360653,0.790295,0.737534,1.269211
17178,1.130899,0.768317,0.24137,0.223407
21420,0.824567,0.679103,0.874107,0.577044
13014,0.212309,0.249554,0.242413,0.80261
110310,0.04669,0.612492,0.42456,0.573904
217169,0.066768,0.764495,0.032784,0.445799
71962,0.307776,1.191916,0.359534,0.725907
270192,0.002638,0.62898,0.037606,0.638444
229474,0.329803,0.439009,0.522431,0.631065
19817,0.782975,0.686492,0.203896,0.88237
73167,0.504889,0.721108,0.231246,0.612819
16669,1.114897,0.851966,0.38485,0.617505
16763,0.627884,0.580912,0.265465,0.361927
17965,0.468131,1.279379,0.618268,0.471334
21816,0.493947,1.086423,0.44295,0.338884
56460,0.018121,0.911015,0.412197,0.506341
98845,0.112092,0.759965,0.115115,0.554052
109332,1.245106,0.545924,0.684629,1.137677
233040,1.362224,0.76233,0.613579,0.159277
72269,1.651731,0.375999,0.103867,0.223407
434784,0.896843,1.361841,0.529459,0.978294
76509,1.144771,1.096903,0.562447,0.264049
100043489,0.87946,0.039038,0.367439,1.01482
110173,0.406301,0.591012,0.217312,0.397905
27027,0.670197,0.327135,0.219424,0.429156
545486,0.486624,0.087327,0.049272,0.156293
14131,1.25516,0.617007,0.647336,0.464415
15042,1.582325,0.637555,0.012236,0.540597
67182,1.26218,0.493252,0.026394,0.365426
19746,1.548568,0.127806,1.434836,0.843335
17444,0.337622,0.06952,0.525824,0.189332
22169,0.495111,0.169548,0.521822,0.487087
241525,0.518194,0.076439,1.417448,1.009254
11552,0.480719,0.685136,1.330703,0.282911
20533,0.622421,0.357783,1.132812,0.340718
11656,0.447346,0.157632,1.076068,0.155974
15122,0.877989,0.121723,0.907784,0.333868
209837,1.000346,0.11544,0.841564,0.158058
544763,1.131171,0.085832,0.745022,0.061135
13857,0.466266,0.46232,0.848701,0.238873
11433,0.903687,0.478401,0.900092,0.294781
232670,0.805127,0.446658,1.028143,0.254972
192663,0.810375,0.369963,1.202345,0.108738
77727,0.719107,0.656457,1.253649,0.148119
18770,0.962718,0.408398,0.74225,0.066209
56222,1.020154,0.662601,0.985163,0.061468
20741,0.104211,0.423572,0.985307,0.152212
13828,0.605177,0.361956,0.587445,0.143237
27028,0.697343,0.537792,0.663413,0.06109
67712,0.53871,0.614824,0.815972,0.001153
103711,0.559633,0.261179,0.220706,0.253058
13829,0.646643,0.288602,0.518643,0.002933
15199,0.32941,0.047716,0.561407,0.070673
66154,0.057078,0.208718,0.292343,0.019517
432582,1.086311,0.017953,0.476968,0.228208
66447,0.61193,0.089643,0.586205,0.294913
17025,0.117656,0.08706,0.540931,0.496485
22228,0.382382,0.26793,1.025705,0.543336
215512,0.2714,0.197955,0.867581,0.534135
228608,0.337853,0.184919,0.734535,0.428071
66124,0.578826,0.228105,1.008569,0.425656
14582,1.283729,0.37102,0.447821,0.272551
50765,1.053526,0.399999,0.614931,0.193033
16145,1.387798,0.172198,1.109019,0.073979
231832,1.798302,0.450563,0.862859,0.514638
16534,1.132904,0.534835,0.574933,0.036155
14630,1.146454,0.148267,0.436963,0.114463
432628,1.07619,0.280856,0.375671,0.483728
11423,1.288712,0.619082,1.038709,0.292293
68428,1.455857,0.369238,0.771311,0.325453
19743,1.200579,0.443684,0.68818,0.194552
12349,1.260424,0.127773,0.357094,0.264049
170812,1.150505,0.094371,0.596275,0.304729
23925,1.3853,0.018823,0.756273,0.00485
93966,1.154647,0.013596,0.533487,0.164687
78369,2.08851,0.250087,0.201661,0.223407
216781,1.066768,0.226124,1.072312,0.128066
110648,0.040147,0.122535,1.198908,0.519818
545551,0.392663,0.554486,0.763323,0.191631
74645,0.032767,0.197029,1.010757,0.026371
78252,1.422617,0.479954,0.897007,0.298369
11630,0.678203,0.641502,0.145793,0.71849
57890,1.161926,1.112063,0.326806,0.776593
18796,0.227233,0.076439,0.436702,1.017601
17476,0.418659,0.639375,0.074363,1.148562
22177,0.066768,0.28289,0.24137,0.740067
20905,1.289161,0.035797,0.032784,1.361556
12563,0.74484,0.366505,0.398912,1.519097
237979,1.18495,0.135537,0.784385,1.085142
14813,0.439812,0.076439,0.075403,1.159063
16971,0.717969,0.218095,0.066854,1.090918
12831,0.101831,0.475423,0.298104,0.849349
233651,0.337282,0.197953,0.115855,1.154166
23966,0.311292,0.3642,0.015094,1.265093
329628,0.363253,0.220249,0.093019,1.239941
16485,0.313683,0.548052,0.507528,0.956299
14268,0.680187,0.063615,0.103093,0.833006
14107,0.588513,0.184914,0.269973,1.010481
64817,0.651731,0.114293,0.267512,1.100756
241324,0.547097,0.174063,0.409602,0.669332
243961,0.715296,0.338599,0.075741,1.361556
240888,0.911117,0.323079,0.130792,0.801255
245666,0.481806,0.410858,0.064493,0.644803
330953,1.172261,0.265565,0.251556,0.798508
21923,0.320125,0.206652,0.510808,1.896838
16500,0.377108,0.010851,0.267249,1.361556
93703,0.282497,0.076439,0.232093,1.145827
100647,0.39651,0.480962,0.128736,0.106024
103967,0.170271,0.209705,0.35287,0.076565
100039795,0.192319,0.082618,0.167773,0.173002
17318,0.095545,0.046832,0.265002,0.009282
320974,0.000542,0.297957,0.288623,0.05621
232798,0.036606,0.141366,0.414273,0.257461
547127,0.152925,0.343275,0.736043,0.177691
212448,0.182246,0.438134,0.277896,0.398082
69017,0.159878,0.312603,0.464306,0.310025
100042539,0.024333,0.331219,0.653932,0.629036
320472,0.259413,0.231683,0.829019,0.38957
12571,0.396474,0.062764,0.381326,0.482146
545370,0.829269,0.188512,0.112294,0.942505
67911,0.304928,0.3091,0.172765,0.24054
12402,0.755682,0.043694,0.23877,0.469615
223922,0.729733,0.269084,0.232808,0.124516
18628,0.66113,0.116516,0.157319,0.07366
20975,0.731901,0.423361,0.27082,0.440726
101700,0.244306,0.076439,0.180829,0.611962
21752,0.383242,0.08862,0.095032,0.776593
239528,0.980718,0.207541,0.5442,0.855169
229542,0.809834,0.005211,0.203896,0.670171
231637,0.793008,0.027329,0.294681,0.650304
381022,0.658501,0.200976,0.250124,0.571034
208994,0.803734,0.032045,0.32229,0.361556
208727,1.196649,0.114913,0.061085,0.510313
218518,1.117394,0.320858,0.202236,0.017601
382118,1.026126,0.104133,0.42676,0.404624
78943,1.052269,0.312973,0.080089,0.408861
210162,1.512568,0.219017,0.469717,0.776593
209692,1.002638,0.046065,0.075741,0.232273
382066,0.884565,0.007625,0.109661,0.671624
239337,1.121216,0.413474,0.174616,0.532668
78309,1.379359,0.404014,0.049678,1.201091
66277,1.204272,0.217301,0.194065,0.017601
102626,0.203321,1.156609,0.592821,0.342051
19276,0.585308,1.324366,0.722104,0.808369
216881,0.651731,0.976903,0.478178,0.486441
219148,0.36375,0.620759,0.359534,0.393332
22146,0.103785,1.049088,1.040868,1.225099
18952,0.21361,0.220829,1.412776,0.367797
108015,0.015694,0.93442,0.385069,0.317162
93722,0.29625,0.854047,1.030226,0.001014
433408,1.124716,0.55037,0.695137,0.119571
57138,0.266077,0.076439,0.739806,0.638444
73094,1.166304,1.269084,1.137141,0.416052
19289,0.748616,0.782372,0.690853,0.875125
109594,0.289161,0.679635,0.981503,0.937058
50518,0.789234,0.601633,0.862859,0.776593
11846,0.929265,1.011024,1.80348,0.627017
13797,0.890738,1.139879,0.235902,0.046951
83557,1.208259,1.323026,0.96,0.144099
12409,0.329803,1.508524,0.447821,0.301409
15951,0.085235,2.678449,0.530283,0.283553
14972,0.830328,0.923561,0.81979,0.592169
15436,0.236624,1.013759,0.737328,0.039628
228770,0.066768,0.714108,0.653405,0.606668
74499,0.735944,0.963089,0.264957,0.128066
235604,0.25516,1.245489,0.246187,0.159922
329078,0.447805,1.426061,0.365359,0.135944
106763,0.295802,0.213942,0.274645,0.291166
110308,0.387263,0.0154,0.246464,0.558748
242620,0.5262,0.213942,0.137141,0.486441
242915,0.429338,0.864935,0.137141,0.236025
60597,0.467306,0.290564,0.184787,0.513559
626534,0.626196,0.339473,0.599824,0.098521
22152,0.967758,0.950229,1.024879,0.18987
22421,1.314696,0.764083,0.637792,0.651062
15361,0.862661,0.912032,1.199063,0.930819
245827,1.182246,0.447123,0.579066,0.840723
105439,0.192299,0.286131,0.509222,0.302662
17690,0.548207,0.429689,0.522862,0.71849
26757,0.18495,0.379241,0.432871,0.698591
69195,0.320525,0.203669,0.177732,0.163616
20394,0.929265,1.158026,1.097324,0.63909
14704,0.388696,0.670795,0.559467,1.009254
21407,0.699037,0.44963,0.277896,0.946518
20743,0.759856,0.601055,0.696472,1.426606
75607,0.914765,0.752891,0.599824,0.594049
240675,1.399344,0.419519,0.110669,0.388028
269437,0.856845,0.488346,0.284685,0.19842
65254,1.109837,0.483233,0.543717,0.329443
11784,0.311881,0.531244,0.277896,0.606668
56013,0.040147,1.203669,0.137141,0.056701
107934,0.611304,0.771558,0.710856,0.361556
20255,0.155624,1.245489,0.184787,0.776593
269116,0.289161,0.660527,0.725355,0.63909
269389,0.032767,1.001564,0.410347,0.702593
78784,0.295802,0.923561,0.277896,0.776593
20357,0.407805,0.35652,0.082693,1.209553
53883,0.900307,0.460589,0.414101,1.008767
13004,0.273219,0.29553,0.234828,0.914097
70433,0.129053,0.774418,0.454981,1.790948
18190,0.023429,1.001564,0.203896,0.702593
19734,0.070735,0.590986,0.810391,0.831041
73047,0.155624,0.473758,1.050486,0.812217
23934,0.710625,1.245489,1.014862,1.513559
207521,0.094076,1.040918,1.081499,1.206738
73072,0.049695,0.414547,1.170981,1.229105
269788,0.570662,0.923561,1.862859,0.969238
271305,0.066768,0.760062,1.33679,0.172522
101604,0.791134,0.146828,0.207531,0.144325
14048,0.750906,0.093486,0.564151,0.270713
171567,0.268912,0.063934,0.078646,0.13982
52245,0.022358,0.026076,0.241891,0.259412
72148,0.411904,0.233164,0.064385,0.247899
14725,0.502049,0.186595,0.40793,1.107631
22337,0.74484,0.321551,0.137141,0.927951
26754,0.920917,0.076439,0.045723,0.531529
21823,0.289161,0.463462,0.244056,0.522967
69698,0.295802,0.133022,0.114398,0.334438
21908,0.889891,0.181409,0.381326,0.550317
22061,1.092303,0.145953,0.246406,0.147084
26382,1.166304,0.018718,0.559467,0.938865
18092,1.536254,0.163902,0.692934,0.393332
110789,0.623162,0.555829,0.569128,0.076565
17762,1.106297,0.491845,0.534236,0.44797
268451,1.002638,0.270011,0.384396,0.004399
15229,0.896843,0.004289,0.364552,0.075308
17301,0.626196,0.076439,0.338775,0.343634
22215,0.181791,0.424183,0.851387,0.862446
52397,0.093799,0.541402,1.053483,0.946078
108829,0.405974,0.435382,0.831927,0.445799
109181,0.359161,0.542757,0.825852,0.66198
17847,0.378259,0.332744,0.776275,0.536055
229227,0.34877,0.348351,0.835113,0.610116
269254,0.413508,0.255036,0.845303,0.450584
217463,0.265715,0.360232,1.034241,0.669471
231464,0.206626,0.398367,0.469158,0.585274
214137,0.280301,0.334907,0.763142,0.431284
219181,0.194578,0.259425,0.841919,0.455303
22284,0.135105,0.441369,0.686232,0.583928
68268,0.169298,0.276208,0.668754,0.620478
234915,0.001403,0.521224,0.748576,0.545335
270163,0.126442,0.442149,0.88618,0.71517
58800,0.045541,0.227748,0.851739,0.65225
211673,0.174606,0.496876,0.806168,0.594501
93761,0.03533,0.44381,0.818216,0.572017
59079,0.013217,0.438809,0.805964,0.473794
59125,0.052775,0.377549,0.596949,0.473291
68770,0.076616,0.303849,0.829438,0.634039
104806,0.039547,0.18747,0.604131,0.437532
242291,0.210695,0.273649,0.616751,0.452171
211347,0.217548,0.160465,0.490516,0.618692
233726,0.091243,0.110268,0.623292,0.567976
77987,0.015194,0.227118,0.595369,0.553255
245622,0.293361,0.224538,0.682575,0.853157
67667,0.446182,0.122243,0.642377,0.823799
66756,0.29934,0.456343,0.7401,0.594003
75974,0.276356,0.52155,0.729549,0.386563
71900,0.428787,0.516389,0.572726,0.545335
338523,0.529503,0.123735,0.769975,0.671644
78619,0.462697,0.109606,0.688156,0.366998
108907,0.152419,0.572997,0.664175,1.069471
16784,0.126397,0.484125,0.683085,0.976052
18767,0.177157,0.669461,0.84595,0.852151
24017,0.072866,0.452744,0.876016,1.077759
56442,0.218664,0.563114,0.836908,0.940298
72154,0.384997,0.571204,0.898261,1.02271
13382,0.353866,0.426992,0.865008,1.082072
20916,0.237012,0.422529,0.868324,1.15614
208606,0.290642,0.258046,0.798624,1.157716
67979,0.18274,0.542103,1.017842,1.26532
74360,0.14725,0.417732,0.961111,1.196348
227095,0.082888,0.530349,1.10651,1.042835
69906,0.000679,0.556432,0.933608,0.997847
19070,0.042924,0.509233,0.873213,1.278185
20823,0.183713,0.377932,0.903889,1.336236
70047,0.331639,0.491476,0.840748,1.195662
17184,0.013496,0.491292,1.000154,1.212661
72611,0.076076,0.529261,0.943344,1.231444
93730,0.077261,0.394886,0.875844,1.205919
75540,0.114465,0.369635,1.074857,1.139749
208691,0.279407,0.061411,0.647972,0.713099
24015,0.126347,0.039142,0.43084,0.776402
235461,0.295802,0.376563,0.628994,0.878759
240255,0.290302,0.152388,0.664653,0.686379
16452,0.205931,0.205023,0.483317,0.744486
218914,0.04939,0.085541,0.625175,0.654336
76044,0.020278,0.299716,0.608345,0.672104
14359,0.038343,0.236461,0.64063,0.806768
16551,0.005804,0.287359,0.716379,0.763886
207958,0.249475,0.259178,0.783943,0.870209
76007,0.160506,0.376758,0.741532,0.754077
217232,0.113485,0.142781,0.712298,0.546877
26466,0.134734,0.312637,0.811741,0.67102
69605,0.063901,0.280311,0.615189,0.649672
242747,0.066768,0.304708,0.878223,0.663979
71148,0.054835,0.333881,0.790232,0.662657
218397,0.144021,0.221738,0.785449,0.662134
21974,0.067987,0.290771,0.850508,0.597352
19820,0.045184,0.257292,0.76189,0.73989
64602,0.118993,0.208799,0.662116,0.603366
544752,0.04614,0.195373,0.706355,0.728551
109333,0.005485,0.350546,0.719762,0.75837
67453,0.075084,0.45343,0.644979,0.906411
19046,0.186391,0.385127,0.628963,0.940467
53861,0.056881,0.227434,0.653325,0.939263
52615,0.073615,0.209046,0.665759,0.934149
69227,0.136729,0.222093,0.648031,0.964454
73467,0.165047,0.317447,0.789218,1.001014
14479,0.037982,0.197227,0.621509,1.003688
224171,0.244499,0.058021,0.753282,1.003046
105377,0.103748,0.255988,0.833564,1.043124
211253,0.201165,0.198429,1.094073,1.042835
22200,0.081734,0.249141,0.916832,1.162369
231279,0.165776,0.203551,1.049085,0.997847
22343,0.120876,0.114478,0.987889,0.931451
233058,0.07619,0.361841,0.563406,0.808369
15366,0.141692,0.216398,0.67866,0.967114
230257,0.230328,0.416215,0.651914,0.736782
27377,0.140971,0.288838,0.710948,0.694911
63985,0.082757,0.291047,0.672771,0.840154
67370,0.012507,0.280186,0.580271,1.005061
72465,0.068695,0.132424,0.647557,0.902127
22764,0.114646,0.209378,0.904968,0.958143
24135,0.194122,0.383494,0.879645,0.949232
22785,0.061768,0.400015,0.924335,0.991364
71865,0.095113,0.431975,0.888606,0.983502
52440,0.160265,0.385192,0.874435,0.851438
229663,0.083583,0.30294,0.852131,1.007891
72065,0.09186,0.356256,0.748217,0.997923
73274,0.090568,0.515991,0.77041,1.030762
83493,0.027075,0.424668,0.714951,1.043548
68145,0.141144,0.638753,0.796554,0.953615
83946,0.059635,0.652489,0.890671,0.991683
100043772,0.337126,0.269084,0.778247,0.929122
320940,0.2518,0.267382,0.708429,0.879191
12662,0.33163,0.26677,0.97068,1.157173
18704,0.331892,0.50215,1.030958,1.080895
626848,0.589447,0.3226,1.120267,0.967067
238722,0.111162,0.476977,0.622568,0.827478
22709,0.081719,0.385389,0.625641,1.307065
69930,0.005988,0.088614,0.71393,0.97012
104271,0.066768,0.384561,0.992751,0.73798
212281,0.005368,0.676831,0.752801,1.010678
67171,0.101897,0.56303,0.77806,1.215233
408068,0.066768,0.543565,0.634641,1.223407
241989,0.21361,0.584234,0.837581,1.017823
668923,0.516571,0.938935,0.765172,0.9339
70676,0.176686,0.726496,0.692202,0.778468
237411,0.187805,0.883794,0.800106,1.512913
12848,0.111414,0.714213,0.873625,1.557805
76983,0.168108,0.68216,1.021664,1.350344
76131,0.220358,0.699876,1.100949,1.705115
212276,0.140827,0.821625,0.84916,1.474946
56726,0.155461,0.684238,0.999171,1.430791
67980,0.147356,0.979142,1.147558,1.314555
67607,0.411279,0.639706,1.250961,1.337227
22643,0.179035,0.40168,1.301528,1.52193
20585,0.165757,0.531634,1.117619,1.324493
236790,0.142373,0.398367,0.908872,1.381555
240034,0.061965,0.348518,1.2294,1.506714
381066,0.038571,0.411423,1.095562,1.443455
245595,0.072956,0.631407,1.154843,1.468519
67988,0.025898,0.610775,1.147762,1.446814
227099,0.087144,0.47107,0.899813,1.105225
81003,0.19215,0.594906,1.146856,1.213626
60599,0.141818,0.424362,1.133037,1.23565
73451,0.137158,0.472368,1.211142,1.118437
58799,0.084664,0.689416,1.022371,1.337578
75619,0.204534,0.4975,1.037174,1.436282
224598,0.2571,0.825631,0.849339,1.207977
18139,0.030212,0.502997,0.939078,0.926756
20843,0.047153,0.571804,1.046718,1.146955
72020,0.270641,0.541731,0.953695,1.11732
19889,0.173546,0.541662,1.07185,1.171412
11855,0.070089,0.641971,1.083065,1.266192
51869,0.079696,0.525398,1.158366,1.471927
22720,0.061816,0.52859,1.086935,0.997486
74159,0.111411,0.371516,1.047438,1.155318
71710,0.224069,0.444171,1.096689,1.02791
330544,0.016142,0.336001,1.032891,1.006783
76464,0.18251,0.521439,0.949002,0.880262
19386,0.104868,0.195738,0.844387,0.706824
213993,0.066768,0.361841,0.970031,0.757385
94192,0.031317,0.43552,0.923435,0.598698
218850,0.12997,0.395563,0.838658,1.064383
630836,0.239893,0.360232,1.198542,0.947772
216238,0.175524,0.330756,1.041325,1.102609
26885,0.199602,0.335227,1.100336,0.987016
56274,0.099196,0.55935,1.01033,0.743599
16573,0.086726,0.454852,1.050078,0.998772
245631,0.126612,0.516308,1.018878,1.015414
226551,0.142238,0.222988,0.94838,0.913339
30046,0.148388,0.330671,0.971029,0.944276
67230,0.105501,0.279972,1.058531,0.9339
224088,0.172394,0.188987,0.667431,0.720907
544971,0.007559,0.217685,0.735779,0.71471
226026,0.063547,0.492234,0.873501,0.840342
319277,0.090306,0.312947,0.950325,1.019873
56291,0.253082,0.392081,0.788505,0.95251
72128,0.015694,0.377228,1.204404,0.646618
77733,0.083372,0.191916,1.033305,0.638444
217558,0.021588,0.22328,0.96786,1.113715
56217,0.048396,0.368021,0.85505,0.773126
77652,0.024862,0.149812,0.815213,0.86977
57438,0.1246,0.619723,1.517325,1.318101
71675,0.066768,0.286474,1.240977,0.990208
329575,0.569269,0.731303,0.867955,1.061135
231986,0.10112,1.076439,0.867955,0.713212
245671,0.082095,1.017545,1.016847,0.486441
319901,0.082095,0.929598,1.065588,0.922653
66795,0.130269,1.128906,1.215144,0.555982
382985,0.318307,0.895867,1.165156,0.550982
74365,0.241354,0.813405,0.459069,0.445799
18783,0.16913,0.572396,0.881486,0.629167
384763,0.11049,0.375999,1.109127,0.965911
12448,0.05743,0.297168,0.342816,1.027434
241322,0.100716,0.010439,0.528566,0.893258
237211,0.16886,0.089495,0.188672,1.078672
12763,0.252659,0.076439,0.753185,0.793546
11797,0.261939,0.100026,0.595131,0.681397
66602,0.463491,0.069618,0.304039,0.817414
240614,0.177986,0.217301,0.729483,0.882863
71151,0.151085,0.106601,0.876137,0.841844
67121,0.249932,0.426936,0.875909,1.004767
70415,0.090165,0.202839,0.642298,0.774367
243574,0.036711,0.32632,0.633099,0.758184
68281,0.175703,0.252869,0.566826,0.856625
107371,0.408811,0.065551,0.381067,0.753087
77593,0.520008,0.181326,0.372316,0.722285
68121,0.412628,0.226186,0.722104,0.845459
407786,0.548314,0.1385,0.524164,0.658127
56758,0.298229,0.151124,0.431989,0.874363
382117,0.470888,0.501745,0.680284,0.264049
56360,0.367328,0.362193,0.400176,0.607193
72836,0.101629,0.317447,0.5846,0.303134
15473,0.601388,0.239378,0.590859,1.481205
67019,0.44907,0.602985,0.486291,1.265718
195046,0.132163,0.118608,0.77806,0.791975
109905,0.266441,0.408833,0.557575,1.028553
52575,0.330685,0.192497,0.484525,1.038295
17765,0.087932,0.220548,0.757744,0.93215
67684,0.300789,0.232754,0.767934,1.056653
12417,0.193126,0.410132,0.625959,1.037052
55989,0.321939,0.172172,0.779764,1.107268
170791,0.262068,0.402247,0.584024,0.848811
67052,0.206861,0.285117,0.616413,0.628858
15519,0.461108,0.225955,0.563273,0.907677
74112,0.263877,0.042035,0.712092,0.761729
52023,0.584157,0.297376,0.459069,1.16745
66871,0.62167,0.393989,0.247565,0.879452
319615,0.282978,0.175975,0.263898,0.808369
66889,0.374307,0.020423,0.477685,0.770402
NM_001256493,0.577088,0.528951,0.281531,0.619336
17961,0.418659,0.823673,0.615189,1.43842
72085,0.351084,0.750669,0.867955,1.437002
12750,0.641658,0.365946,0.487084,1.366898
100502987,0.129479,0.297795,0.9476,1.4816
108138,0.415624,0.272836,0.874107,1.521087
234362,0.178564,0.446085,0.939014,1.386221
26428,0.129106,0.525865,0.705131,1.394269
66736,0.012141,0.404366,0.785798,1.468167
22327,0.005481,0.420747,0.523707,1.187977
228421,0.100876,0.427346,0.91736,1.114882
20955,0.361852,0.498672,0.643032,1.553009
225160,0.451386,0.197264,0.682882,1.275519
74114,0.46558,0.423458,0.734704,1.217065
114893,0.196266,0.356961,0.806389,1.198563
71701,0.289019,0.296117,0.690114,1.000619
381695,0.195474,0.382065,0.776191,1.060556
99480,0.081531,0.416668,0.882415,1.154935
65114,0.214986,0.5093,0.6698,1.330891
75616,0.156154,0.388227,0.831956,1.352209
252876,0.559417,0.837251,0.825197,1.320268
666468,0.608797,0.480336,0.997416,1.021218
15201,0.11643,0.294949,0.731123,0.900696
238693,0.134866,0.351061,0.767907,0.869123
211499,0.107261,0.257505,1.000895,0.957013
210766,0.04084,0.155511,0.576109,1.001438
67049,0.143346,0.091952,0.542398,1.15555
55946,0.002948,0.277067,0.6246,1.029491
51813,0.284493,0.219931,0.580193,1.336706
385354,0.329585,0.292476,0.699736,1.095857
73288,0.258423,0.264591,0.785298,1.027682
70430,0.365547,0.156858,0.342366,1.073444
18148,0.092887,0.126684,0.513081,1.151259
67239,0.239109,0.114011,0.45067,1.266532
13664,0.017109,0.269876,0.649177,1.14082
78394,0.253684,0.205425,0.766393,1.245721
56426,0.125877,0.479563,0.319666,1.221032
66442,0.02646,0.334507,0.470329,0.950822
67429,0.186988,0.197454,0.501714,1.053764
72018,0.173546,0.265473,0.283362,0.977582
320299,0.1341,0.33241,0.5282,0.878843
99712,0.223682,0.343631,0.494846,0.863511
83815,0.163447,0.414184,0.410551,1.126506
22381,0.104912,0.332213,0.703574,1.235507
67204,0.15973,0.269798,0.774254,1.389872
67694,0.002273,0.218792,0.818549,1.341348
20419,0.027719,0.137468,0.535384,1.357263
67089,0.029664,0.27408,0.565357,1.400632
67045,0.155852,0.39044,0.619742,1.298025
67456,0.061155,0.352431,0.690243,1.213094
70620,0.223915,0.455248,0.476752,1.225339
50500,0.066768,0.045552,0.858425,0.568542
63913,0.167697,0.356547,0.789218,0.460446
100310809,0.481806,0.324366,1.266424,1.31087
381463,0.672099,0.276738,1.344104,1.469718
224585,0.248375,0.236904,1.24345,1.500516
320479,0.022374,0.517012,1.187767,1.701454
67120,0.101914,0.360447,1.224959,1.474825
20238,0.408688,1.004289,1.586944,1.53828
414093,0.028294,0.883794,1.329786,1.565799
319673,0.329803,0.535871,1.529459,1.545335
192289,0.397974,0.950908,0.894571,1.24048
12675,0.037282,0.49685,0.817006,1.172268
408067,0.18495,0.558308,0.771013,1.223407
66365,0.155669,0.611216,0.734382,1.11293
75627,0.35405,0.716897,0.777599,1.09014
30785,0.10112,0.828511,1.059139,0.997847
434234,0.194524,0.759965,0.793187,1.245102
26908,0.146939,1.167862,0.911374,1.16142
17380,0.086668,0.904415,1.181196,0.912619
73430,0.003621,0.909329,1.114421,0.978294
76380,0.066768,1.14461,1.291469,0.96965
74182,0.268954,0.917741,1.342256,1.397778
77532,0.161038,1.13698,1.29326,1.585977
20503,0.103294,0.739404,1.385069,0.995996
666680,0.152798,0.675901,1.414675,1.10975
338351,0.185419,0.544218,1.324019,1.410285
78506,0.260042,0.833168,1.161803,1.452889
78752,0.149724,0.713869,1.225951,1.188641
72997,0.238086,0.771584,0.810913,1.153018
101835,0.458323,0.583399,1.644101,1.499041
208111,0.324422,0.123745,1.497037,1.564444
12450,0.511508,0.922879,1.303638,1.319577
237542,0.18477,0.819403,1.475011,1.31087
100662,0.070735,0.627132,1.300277,1.118054
319263,0.187629,0.897115,1.444002,1.322943
54598,0.128649,0.727744,1.658488,1.193394
100043468,0.117656,0.903602,1.674798,2.234995
104348,0.079479,0.997584,1.350737,1.634602
226499,0.051921,0.746649,1.746978,1.658688
240041,0.100716,0.8249,1.636243,1.64564
235907,0.134085,0.611476,1.447244,1.539434
74149,0.062923,0.53429,1.476347,1.562613
665211,0.249632,0.661401,1.560353,1.646618
630579,0.044742,1.199821,1.272301,1.460446
71508,0.084362,0.728516,1.197683,1.397905
170938,0.071702,0.59236,0.988131,1.122185
240038,0.1071,0.550977,1.059139,1.200446
104570,0.137658,0.421882,1.011873,1.208878
235072,0.175926,0.352285,0.863665,1.197574
217653,0.063782,0.33836,1.058211,1.299827
78134,0.130533,0.335357,1.179666,1.253909
14628,0.412628,0.171298,0.736043,0.876756
14211,0.360147,0.436625,1.07228,1.249522
77805,0.467568,0.575745,0.976677,1.168124
66875,0.356537,0.391641,0.819401,1.198022
71988,0.467322,0.307514,0.719844,1.139749
231123,0.324022,0.095464,0.836599,1.408852
67973,0.148083,0.22222,0.895137,1.422657
244672,0.118264,0.200174,1.04451,1.286601
66244,0.220003,0.23398,1.038961,1.358519
12421,0.034909,0.722257,1.154215,1.306823
66580,0.142808,0.451028,1.226001,1.365532
73130,0.24709,0.406829,1.137141,1.471334
233168,0.111623,0.557065,1.397377,1.11907
240641,0.086753,0.558351,1.263111,1.571079
73254,0.104344,0.606954,1.309608,1.474946
245368,0.503547,0.140569,1.103974,0.621956
108686,0.215141,0.776879,1.449578,1.274237
22589,0.245091,0.457529,1.229052,1.111839
665775,0.144736,0.595758,1.357155,1.029063
19877,0.30237,0.571581,1.177512,1.158612
70099,0.344437,0.438937,0.951319,1.046023
331401,0.267817,0.446344,1.111387,1.214873
67241,0.264733,0.576185,1.066167,1.147701
94246,0.313306,0.505282,1.091012,1.092823
238692,0.649439,0.632832,0.750118,1.562209
218314,0.09673,0.74202,0.9796,1.574879
74670,0.251408,0.631407,0.926574,1.3265
98267,0.354933,0.763073,0.874107,1.181587
50490,0.740587,0.623927,1.080558,1.166823
331188,0.18554,0.444826,1.321566,1.183514
73910,0.417691,0.718456,1.104615,0.989482
72807,0.215631,0.691149,0.722104,1.245775
72745,0.750855,0.414608,1.137141,1.528909
218476,0.155624,0.061065,1.631906,1.763975
71091,0.177157,0.154441,1.459069,1.262935
626802,0.069436,0.347369,0.955694,1.287537
628308,0.019268,0.021408,1.007304,1.252671
75744,0.830662,0.259885,0.77806,0.510689
106740,0.091221,0.365946,1.10472,1.089106
21828,0.536254,0.465851,1.483249,0.75314
17263,0.380242,0.182032,1.087937,0.722388
18158,0.211158,0.801682,1.077552,1.774621
17901,0.089797,1.010309,1.35287,1.792773
78785,0.267651,1.324366,1.307066,1.580959
240697,0.326574,0.595813,1.230251,1.486441
381236,0.250714,0.822682,1.312228,1.199948
414085,1.217025,0.957794,0.976677,1.401744
12491,0.385744,1.00673,2.088701,1.353467
12523,0.204534,1.076439,1.815213,1.901479
246313,0.801987,1.415241,1.604267,1.180338
100038392,0.380691,0.454951,1.815213,1.486441
383619,0.376838,0.661401,1.681462,1.725907
73852,0.622303,0.671182,1.682303,1.903318
100316870,0.24179,0.333597,1.293137,1.346002
319272,0.244048,0.118018,1.526644,1.456606
68074,0.404122,0.360232,1.52047,1.314555
668415,0.224463,0.375999,1.375301,1.166823
81014,0.470406,0.019776,1.372769,1.199948
259104,0.352216,0.411508,1.379599,1.539666
382867,0.328136,0.416188,1.42108,1.533878
654820,0.090773,0.448408,1.424718,1.904128
624341,0.63515,0.448408,1.167136,1.547758
75084,0.689563,0.245489,1.10472,1.270713
75202,0.117656,0.213942,1.673194,1.36091
73656,0.230213,0.64034,1.286005,0.985247
100463512,0.454618,0.797133,0.148334,1.45731
17948,0.192299,0.98333,0.459069,1.030762
319236,0.015694,0.965408,0.552179,0.541768
54446,0.294549,0.674751,0.661453,0.532634
214133,0.763656,0.219043,0.963112,0.534049
17248,0.259413,0.008643,0.595995,0.55673
72735,0.329803,0.076439,0.651714,0.939614
212391,0.796679,0.001564,0.348645,0.434911
53871,0.74484,0.183354,0.960263,0.429858
12753,0.3498,0.408635,0.980838,0.833904
26405,0.377855,0.451119,0.718783,0.511103
433801,0.268402,0.661401,0.577714,0.842317
66689,0.602821,0.389597,0.736603,0.536565
320506,0.414692,0.935576,0.84016,1.04507
245596,0.668219,0.137839,0.783504,0.557826
12121,0.349168,0.130887,1.137141,0.567361
378466,0.626196,0.535871,0.944496,0.682838
240283,0.534137,0.34749,0.654781,0.889369
320271,0.33722,0.32942,1.005038,0.847898
99526,0.289161,0.114407,0.580748,0.749476
15234,0.956585,0.133022,1.137141,0.827478
93708,0.607337,0.228442,1.289144,0.512913
328734,0.999654,1.154441,1.359534,1.445799
432812,0.450097,1.127065,1.236677,1.545335
619331,0.860317,1.002438,1.338775,1.223407
71306,0.532432,0.375999,1.191589,1.166823
192190,0.443426,0.410078,0.378149,0.815887
14934,0.608255,0.244828,0.403607,0.712494
266645,0.611304,0.439009,0.348286,0.73798
99887,0.018962,0.796649,0.286655,0.574879
22042,0.557483,0.443034,0.276809,1.315679
224691,0.014152,0.100439,0.269592,0.949232
665155,0.026341,0.084026,0.023323,0.11763
242505,0.614256,0.076439,0.199894,0.223407
19258,1.22431,0.398367,0.459069,0.674068
50720,0.959853,0.084026,0.211142,0.024521
67579,0.282036,0.124258,0.000362,0.340325
665005,1.066768,0.339473,0.447821,0.224052
19329,0.388696,0.398367,0.944496,2.030762
17105,0.374891,1.116703,0.868652,0.685311
18260,0.023429,1.107466,1.039844,1.481205
223626,0.066768,1.163902,0.892029,0.923847
100041979,0.218771,0.950908,1.385069,1.393332
211484,0.331781,0.98333,1.780997,1.808369
231583,0.066768,1.228442,1.359534,1.37541
244556,0.048709,1.076439,0.722104,1.486441
239250,0.535268,0.985673,1.919141,1.509711
58809,0.626254,0.786932,1.340675,1.308296
69149,0.628377,0.950908,1.17667,1.411034
217721,0.552195,1.728516,1.651714,2.143972
449000,0.6948,1.175975,1.030226,2.116492
18606,0.162984,0.623927,1.626526,1.355857
74147,0.070735,1.146828,2.207531,2.091303
71653,0.532432,1.330196,1.606627,1.982399
18823,0.33377,1.140569,1.5846,1.156293
407812,0.066768,1.468756,1.995122,1.746969
75329,0.13254,0.813405,2.137141,1.753922
668940,0.656784,0.580205,1.001789,1.918869
73229,0.502867,0.409014,1.469717,1.597802
78655,0.235794,0.076439,0.289144,0.053482
12075,0.514227,1.950908,1.944496,1.223407
14281,0.048709,1.854047,0.69902,1.188641
14282,0.429338,2.030635,0.837581,0.393332
71712,0.058763,0.713869,1.722104,0.960372
104816,0.329803,1.20197,0.32229,2.646618
24059,1.092303,0.999818,0.951586,2.185605
50530,0.438737,0.635866,0.110786,2.743664
12925,0.665309,0.818943,0.955027,1.926689
230161,0.140769,0.62898,0.985138,2.097876
78887,1.173684,0.311817,1.309094,2.089551
22035,0.575782,1.213942,0.06931,1.638444
171531,1.066768,0.906514,0.426648,1.638444
78558,0.997506,0.55037,0.360358,1.193033
66776,0.948124,0.166637,0.782858,1.962698
19156,0.291189,0.188999,0.281595,1.397226
21938,0.007875,0.169548,0.06931,0.941007
73690,0.392663,0.271484,0.210782,1.460446
21410,0.88493,0.133022,0.741213,1.164513
67434,0.414692,0.00605,1.066752,1.416052
67775,0.192299,0.661401,1.137141,1.393332
432720,1.739194,1.213942,1.459069,2.573904
68404,1.832303,1.298831,1.252618,2.496425
70717,0.74484,1.076439,1.459069,2.808369
12722,2.863969,1.386779,1.470565,0.486441
78500,3.392663,0.076439,1.611072,0.37541
241197,1.933232,2.246364,1.044032,0.223407
20737,2.547942,0.93442,0.944496,1.076153
232406,2.740587,0.523898,0.152365,0.236025
671535,2.020695,0.883794,0.552179,0.338884
74191,4.068052,0.813405,0.137141,1.946518
13813,0.518194,1.076439,0.722104,2.393332
67866,0.933232,1.535871,1.307066,1.923847
243914,0.388696,0.924436,0.985138,0.098521
16168,1.196266,0.298831,2.41016,0.638444
319476,0.435732,1.298831,3.307066,2.545335
17927,1.781229,2.154441,1.359534,0.960372
21838,0.876648,1.480829,2.003875,0.042835
241327,0.103157,2.776879,1.800106,0.361556
74694,1.204272,2.535871,1.459069,0.223407
100042173,0.429338,0.246364,0.596573,0.808369
72536,1.032767,1.454951,0.815213,0.223407
621603,0.670197,2.088412,0.439704,0.435556
69665,0.007232,1.62898,0.552179,0.596021
20202,3.840122,0.011024,0.142967,0.056701
217830,5.529716,0.245489,1.274645,0.708834
75732,6.482684,0.776879,0.055504,0.030762
626175,7.638288,0.114845,1.481954,0.897256
73679,4.187762,0.813405,0.862859,0.638444
22416,1.932666,1.986611,3.632276,3.133579
23836,0.518194,0.661401,3.044032,1.808369
613254,1.382539,1.754511,3.815213,1.071404
56554,0.876648,2.298831,3.874107,1.445799
14940,5.578722,1.398367,0.862859,1.030762
50764,2.814824,2.245489,1.184787,1.098521
100503434,4.854478,3.093486,0.710856,0.139163
667410,5.848128,1.004481,0.434765,0.894988
353328,2.383786,0.294524,0.137141,2.808369
666899,1.933232,1.008052,0.146019,1.7662
