chr,TAG_SNP,LD_SNP,SNP activity,pvalue,Color
chr13,rs1000589,rs1000589,1.101116426,0.476596116,non enhancer SNPs
chr14,rs751837,rs10130314,0.935595284,1,non enhancer SNPs
chr14,rs10132579,rs10132579,0.828501221,0.887797166,non enhancer SNPs
chr14,rs732765,rs10134885,1.10163309,0.92155227,non enhancer SNPs
chr14,rs751837,rs10135200,0.779403719,0.16462626,non enhancer SNPs
chr14,rs751837,rs10137179,0.685637545,0.413243663,non enhancer SNPs
chr14,rs751837,rs10138133,0.638400824,0.597817451,non enhancer SNPs
chr14,rs732765,rs10139082,0.391014357,1,non enhancer SNPs
chr14,rs4982731,rs10143875,0.803271999,0.745629221,non enhancer SNPs
chr14,rs751837,rs10150442,0.62925803,0.462264151,non enhancer SNPs
chr14,rs751837,rs10150774,0.728430866,1,non enhancer SNPs
chr15,rs7176508,rs10220831,1.430350808,0.397303371,non enhancer SNPs
chr14,rs2588809,rs1028842,1.084176173,1,non enhancer SNPs
chr14,rs11157317,rs10431670,1.365258884,0.264179806,non enhancer SNPs
chr16,rs1044873,rs1044873,1.193057113,0.598989402,non enhancer SNPs
chr13,rs1585440,rs10467402,1.062388067,0.830385161,non enhancer SNPs
chr16,rs13329835,rs10468364,0.848522556,0.653341536,non enhancer SNPs
chr14,rs1243647,rs10483439,0.894445343,0.007934452,non enhancer SNPs
chr14,rs999737,rs10483812,0.91515547,0.046956732,non enhancer SNPs
chr14,rs732765,rs10483862,0.663049891,0.890057606,non enhancer SNPs
chr14,rs732765,rs10483864,1.10833213,0.618800034,non enhancer SNPs
chr14,rs1243647,rs10483873,1.127639044,0.131526116,non enhancer SNPs
chr14,rs11157317,rs10498376,0.361392058,0.2,non enhancer SNPs
chr14,rs11157317,rs10498377,0.271044043,1,non enhancer SNPs
chr13,rs17450420,rs10508146,1.118485546,0.156486825,non enhancer SNPs
chr16,rs8056064,rs10514562,0.867720685,0.352473635,non enhancer SNPs
chr15,rs8034191,rs1051730,0.785398305,0.134560441,non enhancer SNPs
chr15,rs16976734,rs10518839,1.283597179,0.325036434,non enhancer SNPs
chr15,rs1876206,rs10519187,1.009405402,0.315351292,non enhancer SNPs
chr15,rs8034191,rs10519203,0.575108681,0.523932984,non enhancer SNPs
chr14,rs732765,rs1057552,0.456495231,1,non enhancer SNPs
chr15,rs2251844,rs1060939,0.799003041,1,non enhancer SNPs
chr16,rs9929218,rs1075959,0.957805156,1,non enhancer SNPs
chr15,rs3884558,rs10851695,0.758923321,1,non enhancer SNPs
chr15,rs3884558,rs10851696,0.906113923,0.021902248,non enhancer SNPs
chr16,rs9929218,rs10852450,1.164474935,0.106031353,non enhancer SNPs
chr16,rs10871290,rs10871290,0.773694114,0.702434945,non enhancer SNPs
chr14,rs1243647,rs10873582,0.338805054,0.375762998,non enhancer SNPs
chr15,rs11636802,rs1087837,0.941521413,0.043846154,non enhancer SNPs
chr14,rs751837,rs1106679,0.819076078,0.254176664,non enhancer SNPs
chr15,rs4775302,rs11070511,0.691629628,0.241859722,non enhancer SNPs
chr15,rs1876206,rs11070646,1.012848793,0.092465926,non enhancer SNPs
chr15,rs7176508,rs11072110,0.803679348,0.782878389,non enhancer SNPs
chr16,rs9929218,rs11075696,1.183211496,0.834036046,non enhancer SNPs
chr16,rs17817449,rs11075985,0.87046837,0.183017056,non enhancer SNPs
chr16,rs17817449,rs11075989,0.812085628,0.521254319,non enhancer SNPs
chr16,rs17817449,rs11075990,0.81943548,0.261095824,non enhancer SNPs
chr16,rs11075995,rs11075995,1.162778946,0.168048946,non enhancer SNPs
chr16,rs3112612,rs1112135,1.116443321,0.956352705,non enhancer SNPs
chr15,rs784411,rs1114203,1.281299114,0.561280019,non enhancer SNPs
chr16,rs13329835,rs11150296,1.198484051,0.108823056,non enhancer SNPs
chr14,rs732765,rs11159103,0.987189167,0.097822746,non enhancer SNPs
chr14,rs751837,rs11160709,0.903480144,1,non enhancer SNPs
chr16,rs17817449,rs1121980,0.85053081,0.866240522,non enhancer SNPs
chr15,rs4775302,rs1156601,1.366803295,0.285055139,non enhancer SNPs
chr13,rs11571833,rs11571815,0.338805054,1,non enhancer SNPs
chr13,rs11571833,rs11571833,0.931475304,1,non enhancer SNPs
chr13,rs753955,rs11617518,0.720204498,1.40E-05,non enhancer SNPs
chr13,rs1585440,rs11617764,0.903480144,0.375,non enhancer SNPs
chr14,rs11622887,rs11622887,1.248120746,0.692371383,non enhancer SNPs
chr14,rs4444235,rs11623717,0.71032232,1,non enhancer SNPs
chr14,rs999737,rs11624097,0.863285949,0.616811472,non enhancer SNPs
chr14,rs999737,rs11624164,0.825921118,0.898035592,non enhancer SNPs
chr14,rs999737,rs11624333,0.933354626,0.251934626,non enhancer SNPs
chr14,rs999737,rs11628293,1.344317603,0.629968699,non enhancer SNPs
chr14,rs2588809,rs11628885,1.000778006,1,non enhancer SNPs
chr15,rs539901,rs11630906,0.387205776,1,non enhancer SNPs
chr15,rs11636802,rs11632260,0.271044043,0.464285714,non enhancer SNPs
chr15,rs8042374,rs11637630,0.81533574,0.181864857,non enhancer SNPs
chr15,rs11637980,rs11637980,1.035990565,0.120616811,non enhancer SNPs
chr15,rs11636802,rs11638060,1.445568231,1,non enhancer SNPs
chr15,rs11636802,rs11638872,1.352482398,0.086164511,non enhancer SNPs
chr16,rs8046148,rs11642579,0.81313213,0.4,non enhancer SNPs
chr16,rs17817449,rs11642841,0.794146928,1,non enhancer SNPs
chr16,rs11644424,rs11644424,1.22066391,0.940892024,non enhancer SNPs
chr16,rs3096299,rs11648663,0.710823913,0.520192045,non enhancer SNPs
chr16,rs10871290,rs11649338,0.641881575,0.432697283,non enhancer SNPs
chr14,rs944289,rs1169151,0.873364139,8.41E-06,non enhancer SNPs
chr13,rs1886449,rs11842799,0.936333968,0.169193907,non enhancer SNPs
chr14,rs732765,rs11845177,1.108816541,0.662184313,non enhancer SNPs
chr14,rs2236007,rs11848377,0.954845513,0.311156096,non enhancer SNPs
chr14,rs11157317,rs11848835,1.045455595,1,non enhancer SNPs
chr15,rs1876206,rs11852589,1.04293034,0.001314874,non enhancer SNPs
chr15,rs4775302,rs11852952,1.268397978,0.646902737,non enhancer SNPs
chr15,rs1876206,rs11853045,1.310046209,0.480332809,non enhancer SNPs
chr15,rs1876206,rs11853943,0.584110419,0.803864703,non enhancer SNPs
chr15,rs16958536,rs11854077,1.315721336,0.263505558,non enhancer SNPs
chr15,rs1876206,rs11854144,1.084176173,0.176515804,non enhancer SNPs
chr15,rs1876206,rs11854368,0.726398036,0.60963097,non enhancer SNPs
chr15,rs1876206,rs11854914,1.138867553,0.776769286,non enhancer SNPs
chr15,rs1876206,rs11854943,1.202021409,0.00955578,non enhancer SNPs
chr15,rs1876206,rs11855195,1.25401493,1,non enhancer SNPs
chr15,rs1876206,rs11855770,0.717764781,0.359572295,non enhancer SNPs
chr15,rs1876206,rs11855862,0.615657184,0.462748003,non enhancer SNPs
chr15,rs16958536,rs11856424,0.788491762,1,non enhancer SNPs
chr15,rs1876206,rs11857382,0.86291573,1,non enhancer SNPs
chr15,rs16958536,rs11858455,0,1,non enhancer SNPs
chr15,rs1876206,rs11858610,0.692027344,0.812935436,non enhancer SNPs
chr15,rs1876206,rs11858693,1.029967364,0.043879162,non enhancer SNPs
chr15,rs1876206,rs11858890,1.33969787,0.008734565,non enhancer SNPs
chr16,rs11644424,rs11861712,0.809273852,0.832573769,non enhancer SNPs
chr16,rs13329835,rs11862190,0.948423017,0.829808955,non enhancer SNPs
chr16,rs9929218,rs11865026,0.816794887,0.588470376,non enhancer SNPs
chr16,rs13329835,rs11866077,0.921900613,0.478994221,non enhancer SNPs
chr14,rs11157317,rs12050399,1.458030026,0.036814816,non enhancer SNPs
chr14,rs12100561,rs12100467,0.652873639,0.593027682,non enhancer SNPs
chr14,rs12100561,rs12100561,0.663496393,0.015530257,non enhancer SNPs
chr16,rs17817449,rs12149832,0.879061762,0.320866832,non enhancer SNPs
chr13,rs1585440,rs12184803,0.271044043,1,non enhancer SNPs
chr15,rs3884558,rs12372930,1.019508331,0.017387939,non enhancer SNPs
chr13,rs9543325,rs12427746,0.785905817,0.000126631,non enhancer SNPs
chr13,rs9510787,rs12429900,1.479190465,0.02602164,non enhancer SNPs
chr13,rs9510787,rs12429914,1.45360788,0.000633073,non enhancer SNPs
chr13,rs16944141,rs12430664,0.9694276,0.387768577,non enhancer SNPs
chr13,rs1449572,rs12431188,0.782756504,0.376151173,non enhancer SNPs
chr14,rs11157317,rs12432228,0.903480144,1,non enhancer SNPs
chr14,rs11157317,rs12432453,1.392028667,0.586695923,non enhancer SNPs
chr14,rs2239633,rs12434881,0.82233813,0.000132182,non enhancer SNPs
chr14,rs11157317,rs12435298,1.470069387,1,non enhancer SNPs
chr14,rs1243647,rs12436060,1.016415162,0.303843141,non enhancer SNPs
chr14,rs1243647,rs1243647,0.745762801,0.000608765,non enhancer SNPs
chr14,rs1243647,rs12436470,0.649842599,1,non enhancer SNPs
chr14,rs1243647,rs12436473,0.654842408,0.577449946,non enhancer SNPs
chr14,rs1243647,rs12436474,0.934321836,0.545930275,non enhancer SNPs
chr15,rs4589502,rs12438505,1.277018436,0.210483988,non enhancer SNPs
chr15,rs784411,rs12442921,0.796950396,0.054896303,non enhancer SNPs
chr15,rs207954,rs12443458,0.973781335,0.047296268,non enhancer SNPs
chr16,rs9929218,rs12443730,0.685574555,0.270962512,non enhancer SNPs
chr16,rs391023,rs12444222,1.288664917,0.84923951,non enhancer SNPs
chr16,rs4785204,rs12445755,0.958444716,0.001326171,non enhancer SNPs
chr16,rs9929218,rs12446407,0.798773161,0.944405213,non enhancer SNPs
chr16,rs9929218,rs12446413,0.694121076,0.050519089,non enhancer SNPs
chr16,rs13329835,rs12446424,1.041618524,0.11808805,non enhancer SNPs
chr16,rs4785204,rs12448508,0.752825668,0.288272384,non enhancer SNPs
chr13,rs9510787,rs12584129,0.894330978,0.094217292,non enhancer SNPs
chr15,rs1258767,rs1258767,1.266471282,0.302139037,non enhancer SNPs
chr15,rs1258767,rs1258792,1.152149601,0.597666768,non enhancer SNPs
chr15,rs1258767,rs1258793,0.918052405,1,non enhancer SNPs
chr15,rs1258767,rs1258794,0.644645292,1,non enhancer SNPs
chr14,rs11622887,rs12588815,0.774716859,0.258972521,non enhancer SNPs
chr14,rs1243647,rs12590446,0.764400586,0.098262988,non enhancer SNPs
chr14,rs7156960,rs12590520,1.177245513,0.087794279,non enhancer SNPs
chr15,rs1876206,rs12591400,0.836447746,0.096030229,non enhancer SNPs
chr15,rs1876206,rs12592240,0.781662597,0.464951725,non enhancer SNPs
chr15,rs8028689,rs12592363,0.973545951,0.842088923,non enhancer SNPs
chr15,rs8028689,rs12593929,0.923046265,0.046544707,non enhancer SNPs
chr15,rs1876206,rs12594364,0.651050516,0.710101124,non enhancer SNPs
chr15,rs1876206,rs12594613,0.887053232,0.376445071,non enhancer SNPs
chr15,rs543686,rs12594993,0.96801444,0.618797362,non enhancer SNPs
chr15,rs16976734,rs12595496,0.737239798,0.380823892,non enhancer SNPs
chr16,rs16953002,rs12596638,0.801563177,0.026053475,non enhancer SNPs
chr16,rs3112612,rs12597685,0.908752442,0.148523748,non enhancer SNPs
chr16,rs8056064,rs12598962,1.07960159,0.718716408,non enhancer SNPs
chr16,rs9929218,rs12599393,0.848105555,1,non enhancer SNPs
chr16,rs9929218,rs12599517,1.082441491,0.290343715,non enhancer SNPs
chr16,rs16953002,rs12599672,0.777638267,0.88291913,non enhancer SNPs
chr14,rs2588809,rs1274639,1.358651153,0.56096877,non enhancer SNPs
chr14,rs2588809,rs1274640,1.351730379,0.0827147,non enhancer SNPs
chr14,rs2588809,rs1274643,1.103536462,1,non enhancer SNPs
chr14,rs2588809,rs1274645,0.874733049,0.372197309,non enhancer SNPs
chr14,rs2588809,rs1274646,0.552512857,1,non enhancer SNPs
chr14,rs2588809,rs1274650,1.107081303,1,non enhancer SNPs
chr14,rs2588809,rs1274651,1.022419302,1,non enhancer SNPs
chr14,rs2588809,rs1274655,1.026316708,0.349657002,non enhancer SNPs
chr14,rs2588809,rs1274656,1.035711344,1,non enhancer SNPs
chr14,rs2588809,rs1274657,1.190236886,0.554927654,non enhancer SNPs
chr14,rs2588809,rs1274658,1.443925539,1,non enhancer SNPs
chr14,rs2588809,rs1274659,0.940096961,0.755609968,non enhancer SNPs
chr13,rs9315204,rs12863103,0.765806979,0.15544434,non enhancer SNPs
chr13,rs753955,rs12867512,0.839815222,0.727627361,non enhancer SNPs
chr13,rs1886449,rs12870000,1.463637834,0.433430307,non enhancer SNPs
chr13,rs1926657,rs12870204,0.216835235,1,non enhancer SNPs
chr13,rs1585440,rs12870205,0.869561094,0.795663533,non enhancer SNPs
chr13,rs1585440,rs12870340,1.19259379,1,non enhancer SNPs
chr14,rs732765,rs12882425,0.458689919,0.000953471,non enhancer SNPs
chr14,rs7156960,rs12884039,1.040740724,0.820714856,non enhancer SNPs
chr14,rs2236007,rs12885612,0.821489089,0.008877465,non enhancer SNPs
chr14,rs999737,rs12889251,1.256387973,0.000654718,non enhancer SNPs
chr14,rs944289,rs12891345,0.77046779,0.243121933,non enhancer SNPs
chr15,rs1876206,rs12898555,0.786027725,0.27937862,non enhancer SNPs
chr15,rs1876206,rs12898572,0.786027725,0.27937862,non enhancer SNPs
chr15,rs543686,rs12901170,1.031542238,1,non enhancer SNPs
chr15,rs1876206,rs12901992,0.87456878,0.855795548,non enhancer SNPs
chr15,rs1876206,rs12904033,1.121968806,0.083371897,non enhancer SNPs
chr15,rs1876206,rs12905573,0.507114662,0.026517,non enhancer SNPs
chr15,rs12906542,rs12906542,1.229587933,0.192275235,non enhancer SNPs
chr15,rs1876206,rs12907167,1.252591889,1,non enhancer SNPs
chr15,rs1876206,rs12907671,1.011897761,1,non enhancer SNPs
chr15,rs748404,rs12909095,1.091404014,1,non enhancer SNPs
chr15,rs1876206,rs12909189,1.122896751,1,non enhancer SNPs
chr14,rs2588809,rs1290939,0.922815322,1,non enhancer SNPs
chr15,rs8042374,rs12910984,0.776555252,0.154244706,non enhancer SNPs
chr15,rs748404,rs12911132,0.949569841,1,non enhancer SNPs
chr15,rs1876206,rs12915677,0.892850966,0.556540953,non enhancer SNPs
chr15,rs1876206,rs12917479,1.145043637,0.108054004,non enhancer SNPs
chr16,rs258322,rs12918773,0.949588786,0.194495235,non enhancer SNPs
chr16,rs9929218,rs12919719,1.434210195,1,non enhancer SNPs
chr16,rs3112612,rs12920540,1.085681973,0.554647486,non enhancer SNPs
chr16,rs258322,rs12921383,0.441278723,0.604960044,non enhancer SNPs
chr16,rs11075995,rs12921970,0.808376971,0.352301562,non enhancer SNPs
chr16,rs12922061,rs12922061,0.769350663,0.876919222,non enhancer SNPs
chr16,rs258322,rs12922197,0,1,non enhancer SNPs
chr16,rs9929218,rs12924033,1.357662054,1,non enhancer SNPs
chr16,rs3112612,rs12929797,0.729827739,0.675512324,non enhancer SNPs
chr16,rs9929218,rs12930371,1.287777332,0.764352796,non enhancer SNPs
chr14,rs2588809,rs1295780,1.383677508,0.287032291,non enhancer SNPs
chr14,rs2588809,rs1298340,1.453029647,0.298963282,non enhancer SNPs
chr14,rs2588809,rs1314911,0.62882218,1,non enhancer SNPs
chr14,rs2588809,rs1314912,0.559861466,1,non enhancer SNPs
chr14,rs2588809,rs1314914,0.961617127,1,non enhancer SNPs
chr14,rs2588809,rs1314915,1.096543202,1,non enhancer SNPs
chr14,rs2588809,rs1314916,1.467807742,1,non enhancer SNPs
chr14,rs2588809,rs1314918,0.951299918,1,non enhancer SNPs
chr14,rs2588809,rs1315984,0.952760879,1,non enhancer SNPs
chr14,rs1316298,rs1316298,0.819939172,0.845869203,non enhancer SNPs
chr15,rs8034191,rs1317286,0.921777736,0.817739625,non enhancer SNPs
chr13,rs4907479,rs1317506,0.792094804,0.218087198,non enhancer SNPs
chr13,rs4907479,rs1317507,0.878490268,0.671024788,non enhancer SNPs
chr16,rs4782151,rs1318674,1.147264011,0.003910186,non enhancer SNPs
chr13,rs2352028,rs1332090,1.118056678,1,non enhancer SNPs
chr16,rs13329835,rs13329835,0.908024595,0.393779316,non enhancer SNPs
chr16,rs9929218,rs13334326,0.951989145,0.023051893,non enhancer SNPs
chr16,rs9929218,rs13334471,0.983502671,0.675393603,non enhancer SNPs
chr13,rs2039553,rs1335293,1.248928435,0.123550926,non enhancer SNPs
chr15,rs1876206,rs13379564,1.031716036,1,non enhancer SNPs
chr14,rs11157317,rs1349248,0.625486254,0.152777778,non enhancer SNPs
chr13,rs1000589,rs1352757,1.084176173,0.333333333,non enhancer SNPs
chr16,rs3803662,rs1362548,0.811634649,0.098773728,non enhancer SNPs
chr16,rs4782151,rs1397142,0.982580012,0.565965207,non enhancer SNPs
chr16,rs11644424,rs1424188,0.934721981,0.564614668,non enhancer SNPs
chr16,rs11644424,rs1424189,1.059975812,0.876390104,non enhancer SNPs
chr13,rs1449572,rs1449572,1.452386949,0.011729864,non enhancer SNPs
chr14,rs11157317,rs1449835,1.287459205,0.624049331,non enhancer SNPs
chr15,rs4775302,rs1484200,1.332633213,0.151481121,non enhancer SNPs
chr13,rs1529276,rs1529276,0.758923321,0.648141488,non enhancer SNPs
chr13,rs1529276,rs1529277,1.113130433,0.267199099,non enhancer SNPs
chr13,rs9579199,rs1538920,1.366359013,0.92157693,non enhancer SNPs
chr16,rs4782151,rs1553810,1.137362174,0.006889485,non enhancer SNPs
chr15,rs4779584,rs1554865,1.185243443,0.39883965,non enhancer SNPs
chr13,rs1529276,rs1569270,0.948654151,1,non enhancer SNPs
chr14,rs8008270,rs1570876,0.980372071,1,non enhancer SNPs
chr13,rs1572072,rs1572071,0.723927761,4.02E-05,non enhancer SNPs
chr13,rs1572072,rs1572072,0.836199708,0.00030999,non enhancer SNPs
chr15,rs11636802,rs1579370,0.87320135,0.326899204,non enhancer SNPs
chr13,rs1585440,rs1585440,1.153898113,0.078518693,non enhancer SNPs
chr16,rs11644424,rs1593145,0.108417617,1,non enhancer SNPs
chr14,rs11157317,rs1597385,1.265701083,0.04941218,non enhancer SNPs
chr13,rs1529276,rs1609420,1.207378011,0.696379044,non enhancer SNPs
chr16,rs9929218,rs16260,0.450519153,0.081408891,non enhancer SNPs
chr15,rs8028689,rs1635168,0.659820821,0.254531855,non enhancer SNPs
chr13,rs1926657,rs1678403,0.983202593,0.006342628,non enhancer SNPs
chr13,rs2352028,rs168217,1.103196808,0.549019608,non enhancer SNPs
chr13,rs16944141,rs16944141,1.344378454,0.053503056,non enhancer SNPs
chr15,rs4589502,rs16950284,1.19242265,0.006071651,non enhancer SNPs
chr13,rs16950650,rs16950650,1.442653779,1,non enhancer SNPs
chr15,rs8028689,rs16950927,0.893969827,0.147007633,non enhancer SNPs
chr15,rs8028689,rs16950941,1.010955744,0.031145751,non enhancer SNPs
chr15,rs8028689,rs16950979,0.933122414,0.162235597,non enhancer SNPs
chr15,rs8028689,rs16950987,1.153873213,0.051310095,non enhancer SNPs
chr16,rs16951021,rs16951021,0.857130605,1,non enhancer SNPs
chr16,rs16953002,rs16953002,1.089338917,0.055322652,non enhancer SNPs
chr16,rs8056064,rs16958397,0.984393587,0.685805137,non enhancer SNPs
chr16,rs8056064,rs16958456,0.961826803,0.869367076,non enhancer SNPs
chr15,rs16958536,rs16958536,0,1,non enhancer SNPs
chr15,rs16958536,rs16958650,1.264872202,1,non enhancer SNPs
chr15,rs1876206,rs16961033,1.061672887,0.482913681,non enhancer SNPs
chr15,rs1876206,rs16961046,1.25222348,0.001317356,non enhancer SNPs
chr15,rs1876206,rs16961068,0.914773646,0.709045547,non enhancer SNPs
chr15,rs1876206,rs16961084,1.093522519,0.645902982,non enhancer SNPs
chr15,rs207954,rs169618,1.205418172,0.094204154,non enhancer SNPs
chr16,rs4782151,rs16964938,0.789266616,0.264159585,non enhancer SNPs
chr16,rs3096299,rs16965692,0.692551608,0.025779589,non enhancer SNPs
chr15,rs8034191,rs16969968,1.0498668,0.434710601,non enhancer SNPs
chr15,rs4779584,rs16970016,1.239613617,0.369942503,non enhancer SNPs
chr15,rs11636802,rs16976932,0.957614285,0.001666311,non enhancer SNPs
chr13,rs1449572,rs17072379,0.135522022,1,non enhancer SNPs
chr13,rs1449572,rs17072467,0.985478756,0.541404682,non enhancer SNPs
chr14,rs1243647,rs17100826,1.16757434,0.324324324,non enhancer SNPs
chr14,rs751837,rs17101079,0.870276812,1,non enhancer SNPs
chr14,rs751837,rs17101146,0.89746018,1,non enhancer SNPs
chr14,rs751837,rs17101197,0.864709345,0.012176608,non enhancer SNPs
chr15,rs11636802,rs1711483,0.619529242,1,non enhancer SNPs
chr15,rs11636802,rs1715919,0.828870171,0.047727489,non enhancer SNPs
chr14,rs732765,rs17183194,0.936333968,0.265201465,non enhancer SNPs
chr14,rs732765,rs17183215,1.161094077,0.007624752,non enhancer SNPs
chr16,rs11644424,rs17196027,1.445568231,0.905413512,non enhancer SNPs
chr15,rs4589502,rs17208550,0.940131509,0.041086613,non enhancer SNPs
chr15,rs4589502,rs17208578,0.938335216,0.031043704,non enhancer SNPs
chr15,rs11636802,rs17238775,1.465928347,0.391050928,non enhancer SNPs
chr16,rs3803662,rs17271951,0.494054965,1,non enhancer SNPs
chr15,rs4589502,rs17273637,0.954736003,0.710448623,non enhancer SNPs
chr14,rs1243647,rs17308429,1.465928347,0.268460152,non enhancer SNPs
chr15,rs1876206,rs17361098,1.017295175,1,non enhancer SNPs
chr15,rs1876206,rs17363371,0.915566835,0.912733139,non enhancer SNPs
chr13,rs17450420,rs17386084,0.451740072,0.055727554,non enhancer SNPs
chr15,rs8034191,rs17405217,0.516586168,0.537490554,non enhancer SNPs
chr14,rs2588809,rs1744947,0.795582515,1,non enhancer SNPs
chr14,rs2588809,rs1744959,1.195782544,1,non enhancer SNPs
chr13,rs17450420,rs17450420,1.006204599,0.517081332,non enhancer SNPs
chr15,rs1876206,rs17458846,1.179488364,0.006525421,non enhancer SNPs
chr15,rs1876206,rs17460049,0.981073145,0.774053182,non enhancer SNPs
chr15,rs1876206,rs17462641,1.021194985,0.402899837,non enhancer SNPs
chr15,rs8034191,rs17483721,0.425926354,1,non enhancer SNPs
chr15,rs8034191,rs17483929,0.937665879,1,non enhancer SNPs
chr15,rs8034191,rs17484235,0.81313213,0.4,non enhancer SNPs
chr15,rs8034191,rs17484524,0.991624548,0.32104291,non enhancer SNPs
chr15,rs8034191,rs17486278,0.573064549,0.053902005,non enhancer SNPs
chr15,rs8034191,rs17487223,0.83458303,0.868713057,non enhancer SNPs
chr14,rs2588809,rs1751382,1.002800363,1,non enhancer SNPs
chr14,rs4444235,rs17563,0.736317094,0.195996301,non enhancer SNPs
chr15,rs4775302,rs17574125,1.387983782,0.38398109,non enhancer SNPs
chr15,rs207954,rs17597602,0.950051286,0.13985251,non enhancer SNPs
chr16,rs4782151,rs17652566,0.848283845,0.463459552,non enhancer SNPs
chr13,rs9567349,rs17654139,1.380677392,0.576055478,non enhancer SNPs
chr14,rs8008270,rs17694496,1.076204289,1,non enhancer SNPs
chr16,rs9929218,rs17715799,0.851487419,0.563859975,non enhancer SNPs
chr15,rs4924410,rs17723133,0.596834404,0.423216141,non enhancer SNPs
chr14,rs1243647,rs17733414,0.711490614,0.430555556,non enhancer SNPs
chr15,rs1876206,rs17748607,1.418995285,0.487238494,non enhancer SNPs
chr16,rs13329835,rs17750740,0.936547674,0.835871797,non enhancer SNPs
chr14,rs999737,rs17755925,0.676949025,0.631576705,non enhancer SNPs
chr14,rs999737,rs17756000,0.722784115,0.617357665,non enhancer SNPs
chr13,rs9315204,rs17764067,0.990318016,0.681152177,non enhancer SNPs
chr16,rs9929218,rs17772363,0.716527837,0.015108731,non enhancer SNPs
chr16,rs9929218,rs17772411,1.256820735,0.025130684,non enhancer SNPs
chr15,rs748404,rs17779494,0.804381804,0.381673769,non enhancer SNPs
chr14,rs4902141,rs17811647,1.070156654,1,non enhancer SNPs
chr16,rs17817449,rs17817449,1.031716036,1,non enhancer SNPs
chr16,rs17817449,rs17817964,0.786902061,0.168813367,non enhancer SNPs
chr14,rs999737,rs17828907,1.2743664,0.400311782,non enhancer SNPs
chr14,rs999737,rs17828955,1.05853154,0.58608138,non enhancer SNPs
chr16,rs1805007,rs1805007,0.60611888,0.797134273,non enhancer SNPs
chr13,rs1000589,rs1817529,0,1,non enhancer SNPs
chr15,rs1876206,rs1820488,1.045926649,0.080185963,non enhancer SNPs
chr13,rs1926657,rs1824911,1.274382519,0.809989374,non enhancer SNPs
chr13,rs1926657,rs1824913,0.845019664,0.640611718,non enhancer SNPs
chr13,rs2352028,rs1847717,1.241556585,0.165098674,non enhancer SNPs
chr13,rs2352028,rs1854977,0.915566835,0.531450961,non enhancer SNPs
chr16,rs9929218,rs1862748,1.014168287,1,non enhancer SNPs
chr15,rs1871438,rs1871438,0.780147934,0.032430271,non enhancer SNPs
chr15,rs1876206,rs1871483,0.879298764,0.058636008,non enhancer SNPs
chr15,rs1876206,rs1871484,1.050295668,0.031037142,non enhancer SNPs
chr15,rs1876206,rs1876205,0.720496824,0.298755994,non enhancer SNPs
chr15,rs1876206,rs1876206,1.305592434,0.519709809,non enhancer SNPs
chr16,rs4782151,rs1876950,1.396237106,0.757358765,non enhancer SNPs
chr15,rs16976734,rs1879349,0.898134108,0.265472997,non enhancer SNPs
chr13,rs1886449,rs1886449,1.050295668,0.155053105,non enhancer SNPs
chr15,rs4775302,rs1905552,0,1,non enhancer SNPs
chr13,rs1926657,rs1926657,1.02230461,0.098782806,non enhancer SNPs
chr13,rs2352028,rs193208,0.966723754,1,non enhancer SNPs
chr14,rs941764,rs1951251,1.002973979,0.102799698,non enhancer SNPs
chr13,rs1585440,rs1953125,1.084176173,0.333333333,non enhancer SNPs
chr14,rs944289,rs1958615,0.597332732,0.728497503,non enhancer SNPs
chr16,rs4782151,rs1980009,0.77012995,0.359614241,non enhancer SNPs
chr16,rs9929218,rs1981871,0.418886249,1,non enhancer SNPs
chr13,rs9510787,rs1983957,1.010672704,0.022353751,non enhancer SNPs
chr13,rs9510787,rs1983958,0.542088086,1,non enhancer SNPs
chr14,rs732765,rs1990794,1.00286296,0.268209959,non enhancer SNPs
chr14,rs1243647,rs1992325,1.322366393,1,non enhancer SNPs
chr16,rs9929218,rs2010724,0.959935444,1,non enhancer SNPs
chr15,rs8028689,rs2016236,1.239058483,0.539013428,non enhancer SNPs
chr15,rs8028689,rs2016277,1.407026418,0.041370708,non enhancer SNPs
chr15,rs1876206,rs2018854,1.263735749,0.898136398,non enhancer SNPs
chr16,rs3096299,rs2035481,1.051812705,0.620729508,non enhancer SNPs
chr15,rs8034191,rs2036527,1.107081303,0.331775701,non enhancer SNPs
chr13,rs9543325,rs2038790,0.511972082,0.316770186,non enhancer SNPs
chr13,rs2039553,rs2039553,0.867340938,0.487179487,non enhancer SNPs
chr16,rs11075995,rs2042032,1.241151488,0.323195087,non enhancer SNPs
chr15,rs1876206,rs2042746,1.270034945,0.355338617,non enhancer SNPs
chr16,rs8046148,rs2058813,0.641343652,0.628308898,non enhancer SNPs
chr16,rs9929218,rs2059254,0.642474769,1,non enhancer SNPs
chr16,rs13329835,rs2060861,1.055558659,0.81373476,non enhancer SNPs
chr13,rs9315204,rs2069309,0.93387988,0.004218087,non enhancer SNPs
chr14,rs4444235,rs2071047,1.09628754,0.009665836,non enhancer SNPs
chr15,rs207954,rs207953,0.748804343,0.018877393,non enhancer SNPs
chr15,rs207954,rs207954,1.266823563,0.366935984,non enhancer SNPs
chr15,rs207954,rs207955,1.296818461,0.795987436,non enhancer SNPs
chr15,rs207954,rs207957,1.012368631,0.158908904,non enhancer SNPs
chr15,rs207954,rs207959,0.82962765,0.026161944,non enhancer SNPs
chr15,rs207954,rs207960,1.175326771,0.684173351,non enhancer SNPs
chr15,rs207954,rs207962,0.742606786,0.22923065,non enhancer SNPs
chr15,rs207954,rs207963,1.010989529,0.161664946,non enhancer SNPs
chr15,rs2086452,rs2086452,0.815018747,0.00051483,non enhancer SNPs
chr16,rs2086824,rs2086824,0.861158941,0.606087872,non enhancer SNPs
chr16,rs9929218,rs2113199,1.015899115,0.789833455,non enhancer SNPs
chr16,rs9929218,rs2113200,1.060719483,0.131032276,non enhancer SNPs
chr16,rs9929218,rs2113201,0.973730849,0.338947565,non enhancer SNPs
chr16,rs11644424,rs2113298,1.110836243,0.232092073,non enhancer SNPs
chr16,rs11644424,rs2113299,1.346304294,0.405582754,non enhancer SNPs
chr16,rs4782151,rs2136656,1.16829329,0.005690432,non enhancer SNPs
chr16,rs4782151,rs2136658,1.071421159,0.383679317,non enhancer SNPs
chr14,rs999737,rs2158357,1.080621497,1,non enhancer SNPs
chr14,rs732765,rs2159905,0.899686526,0.178536188,non enhancer SNPs
chr16,rs13329835,rs2167671,0.824986302,1,non enhancer SNPs
chr16,rs4782151,rs2175242,0.984468639,0.274881786,non enhancer SNPs
chr16,rs2178146,rs2178146,1.11046418,0.002119873,non enhancer SNPs
chr14,rs2236007,rs2236007,0.689424848,0.35677633,non enhancer SNPs
chr14,rs2239633,rs2239630,1.049935754,0.01135891,non enhancer SNPs
chr14,rs2239633,rs2239632,0.979075787,0.004335462,non enhancer SNPs
chr14,rs2239633,rs2239633,0.966396033,0.289936612,non enhancer SNPs
chr14,rs2239633,rs2239634,0.769540771,0.111967348,non enhancer SNPs
chr15,rs8028689,rs2240202,0.856425526,0.970444029,non enhancer SNPs
chr15,rs8028689,rs2240203,0.743509108,0.728463579,non enhancer SNPs
chr15,rs8028689,rs2240204,0.92489597,0.110294165,non enhancer SNPs
chr15,rs2251844,rs2245715,1.139044794,0.414937118,non enhancer SNPs
chr15,rs2251844,rs2251844,1.393940794,0.00680258,non enhancer SNPs
chr15,rs2251844,rs2255042,1.262048826,0.016450812,non enhancer SNPs
chr15,rs2251844,rs2255051,0.68350237,0.022063029,non enhancer SNPs
chr15,rs2251844,rs2255410,0.839415188,0.010771385,non enhancer SNPs
chr15,rs2251844,rs2255440,1.18436407,0.205477822,non enhancer SNPs
chr15,rs2251844,rs2255663,1.344992139,0.269949128,non enhancer SNPs
chr13,rs1529276,rs2260808,0.921035202,0.029164059,non enhancer SNPs
chr13,rs1529276,rs2263246,0.900097197,0.518172715,non enhancer SNPs
chr13,rs2479768,rs226904,0.718900636,1,non enhancer SNPs
chr13,rs2479768,rs226905,0.542088086,1,non enhancer SNPs
chr13,rs2479768,rs226906,1.116539641,1,non enhancer SNPs
chr13,rs2479768,rs226909,1.207689914,1,non enhancer SNPs
chr14,rs732765,rs2270429,0.793299639,0.482196866,non enhancer SNPs
chr15,rs1876206,rs2279237,0.727560222,0.94799195,non enhancer SNPs
chr14,rs751837,rs2285018,1.063103044,0.319035314,non enhancer SNPs
chr14,rs732765,rs2286910,1.118798587,0.01733324,non enhancer SNPs
chr14,rs732765,rs2286911,0.84824199,0.746788633,non enhancer SNPs
chr14,rs732765,rs2287401,0.758479189,0.060136672,non enhancer SNPs
chr14,rs732765,rs2287404,0.64534296,0.610959237,non enhancer SNPs
chr14,rs732765,rs2287405,0.764806448,0.044697368,non enhancer SNPs
chr14,rs732765,rs2287407,1.497195667,0.636640142,non enhancer SNPs
chr14,rs1243647,rs2287474,0.957546672,0.027184853,non enhancer SNPs
chr15,rs1876206,rs2291117,0.95867668,0.074612071,non enhancer SNPs
chr16,rs391525,rs2292980,1.050608998,0.880014308,non enhancer SNPs
chr16,rs391525,rs2292982,1.165759082,0.02003665,non enhancer SNPs
chr16,rs4782151,rs2314289,1.027175494,0.016068828,non enhancer SNPs
chr16,rs4782151,rs2314290,1.018525367,0.114716463,non enhancer SNPs
chr16,rs13329835,rs2316184,0.878348569,0.199446174,non enhancer SNPs
chr14,rs765899,rs2331706,0.784506165,0.010855535,non enhancer SNPs
chr15,rs8028689,rs2346050,1.065903541,0.210614627,non enhancer SNPs
chr15,rs8028689,rs2346051,0.9247385,0.814799977,non enhancer SNPs
chr13,rs2352028,rs2352028,0.867340938,0.261180311,non enhancer SNPs
chr13,rs2352028,rs2352029,0.844648879,0.6103114,non enhancer SNPs
chr13,rs2352028,rs2352030,1.166667838,0.000477476,non enhancer SNPs
chr16,rs8046148,rs2356837,1.084176173,0.041671067,non enhancer SNPs
chr14,rs2400997,rs2400997,1.254366619,0.489768998,non enhancer SNPs
chr14,rs944289,rs2415317,0.935658889,0.528506142,non enhancer SNPs
chr15,rs4589502,rs2447300,1.440222194,0.732697631,non enhancer SNPs
chr15,rs1876206,rs2466791,0.827151649,0.304646756,non enhancer SNPs
chr15,rs4589502,rs2470060,0.81313213,1,non enhancer SNPs
chr13,rs2479768,rs2475539,1.449922352,0.042224083,non enhancer SNPs
chr13,rs2479768,rs2479768,1.097762341,1,non enhancer SNPs
chr13,rs2479768,rs2479772,0.911056979,0.560013727,non enhancer SNPs
chr16,rs258322,rs258322,0.696718965,0.553931274,non enhancer SNPs
chr14,rs2588809,rs2588809,1.250644168,0.300970874,non enhancer SNPs
chr15,rs539901,rs261294,0.818714273,1,non enhancer SNPs
chr15,rs8034191,rs2656065,1.135640232,0.466181738,non enhancer SNPs
chr15,rs4589502,rs266280,0.977701666,0.798495367,non enhancer SNPs
chr15,rs4589502,rs266327,0.813523812,0.555757529,non enhancer SNPs
chr13,rs1529276,rs2699317,0.596296895,1,non enhancer SNPs
chr13,rs1529276,rs2699321,0.880893141,1,non enhancer SNPs
chr13,rs1529276,rs2699324,0.888345371,0.069720764,non enhancer SNPs
chr13,rs1529276,rs2774498,1.058962774,0.55120675,non enhancer SNPs
chr13,rs1529276,rs2774501,1.040322372,0.744603056,non enhancer SNPs
chr13,rs1529276,rs2806339,0.884355382,0.507962064,non enhancer SNPs
chr14,rs2842346,rs2842346,1.211447916,0.011541728,non enhancer SNPs
chr14,rs2842347,rs2842347,1.314470146,0.758515651,non enhancer SNPs
chr16,rs4782151,rs2872584,0.95843099,0.006155052,non enhancer SNPs
chr16,rs3844412,rs2873647,0.737329306,0.078758812,non enhancer SNPs
chr13,rs9543325,rs287553,1.438618383,0.083113725,non enhancer SNPs
chr16,rs11644424,rs2875784,0.975758556,0.307692308,non enhancer SNPs
chr16,rs9929218,rs2902323,0.695304996,0.791061868,non enhancer SNPs
chr16,rs3096299,rs2911253,1.038579979,0.254394592,non enhancer SNPs
chr16,rs3096299,rs2911255,1.185108892,1,non enhancer SNPs
chr16,rs3096299,rs2911256,1.441214109,0.607979698,non enhancer SNPs
chr16,rs3096299,rs2911257,1.145526026,0.801965973,non enhancer SNPs
chr16,rs3096299,rs2911258,1.13780624,0.264631573,non enhancer SNPs
chr16,rs3096299,rs2930219,1.320227659,0.682899195,non enhancer SNPs
chr13,rs2352028,rs2938868,0.609849097,1,non enhancer SNPs
chr13,rs2352028,rs2938869,0,1,non enhancer SNPs
chr13,rs2352028,rs2938874,1.042795403,0.06235428,non enhancer SNPs
chr16,rs9929218,rs2961,0.606622383,1,non enhancer SNPs
chr16,rs3096299,rs2965824,0.861037589,0.028179438,non enhancer SNPs
chr16,rs3096299,rs2965827,0.958864715,0.301878365,non enhancer SNPs
chr16,rs3096299,rs2965932,1.028588797,0.192914023,non enhancer SNPs
chr16,rs3096299,rs2965935,0.674531382,0.010372269,non enhancer SNPs
chr16,rs3096299,rs2965939,0.877232582,0.285221788,non enhancer SNPs
chr13,rs2479768,rs2987346,0.751882473,0.350963236,non enhancer SNPs
chr13,rs2352028,rs2989995,1.492650999,0.142289815,non enhancer SNPs
chr13,rs2352028,rs2990004,1.146129097,7.45E-06,non enhancer SNPs
chr13,rs2352028,rs2990007,0.82285084,0.332355442,non enhancer SNPs
chr13,rs4907479,rs2993291,0.883370691,0.982868239,non enhancer SNPs
chr16,rs305061,rs305061,0.74505712,0.022239187,non enhancer SNPs
chr16,rs305061,rs305064,1.04107657,0.692179087,non enhancer SNPs
chr16,rs305061,rs305065,0.940607814,0.398528186,non enhancer SNPs
chr16,rs305061,rs305067,0.68890361,0.304938991,non enhancer SNPs
chr16,rs1044873,rs305073,0.841365884,0.001252109,non enhancer SNPs
chr16,rs391525,rs305077,1.232139017,0.71885519,non enhancer SNPs
chr16,rs305061,rs305089,0.864219603,0.007859201,non enhancer SNPs
chr16,rs305061,rs305090,0.946662352,0.767968859,non enhancer SNPs
chr16,rs305061,rs305092,1.047921083,0.045711984,non enhancer SNPs
chr16,rs305061,rs305094,0.997613068,0.667426669,non enhancer SNPs
chr16,rs3803662,rs3095604,1.168500986,0.056549067,non enhancer SNPs
chr16,rs4785204,rs3095716,0.940575881,0.026304324,non enhancer SNPs
chr16,rs3096299,rs3096296,1.188808818,0.732318594,non enhancer SNPs
chr16,rs3096299,rs3096299,1.102906859,0.05298309,non enhancer SNPs
chr16,rs3096299,rs3096319,0.808732064,0.013202431,non enhancer SNPs
chr16,rs2086824,rs3096320,0.583847212,0.085718095,non enhancer SNPs
chr15,rs2251844,rs3097773,0.834094169,0.457359802,non enhancer SNPs
chr16,rs3096299,rs3102376,1.176044721,5.61E-05,non enhancer SNPs
chr16,rs3096299,rs3102381,0.684988098,0.023766481,non enhancer SNPs
chr16,rs3096299,rs3102382,0.671781204,0.054249627,non enhancer SNPs
chr16,rs3096299,rs3102383,1.107285897,0.760630349,non enhancer SNPs
chr16,rs3112612,rs3104766,0.745950273,0.060396084,non enhancer SNPs
chr16,rs3112612,rs3104767,1.028577395,0.086726421,non enhancer SNPs
chr16,rs3112612,rs3104768,0.873364139,1,non enhancer SNPs
chr16,rs3112612,rs3104774,1.12061907,0.552943109,non enhancer SNPs
chr16,rs3112612,rs3104775,1.120662871,0.237621399,non enhancer SNPs
chr16,rs3112612,rs3104780,0.798445014,0.615167164,non enhancer SNPs
chr16,rs3112612,rs3104784,0.734978326,0.022300919,non enhancer SNPs
chr16,rs3112612,rs3104788,0.814968471,0.260992665,non enhancer SNPs
chr16,rs3112612,rs3104793,0.825743975,0.050871709,non enhancer SNPs
chr16,rs3112612,rs3104797,0.884864923,0.02851852,non enhancer SNPs
chr16,rs3112612,rs3104798,0,1,non enhancer SNPs
chr16,rs3112612,rs3112612,0.749087968,0.74287595,non enhancer SNPs
chr16,rs3112612,rs3112620,1.381146168,0.684997978,non enhancer SNPs
chr16,rs3112612,rs3112625,1.07346826,0.532322211,non enhancer SNPs
chr16,rs9929218,rs3114411,1.157295031,0.606319891,non enhancer SNPs
chr16,rs3096299,rs3114848,0.792730965,0.082843664,non enhancer SNPs
chr16,rs3096299,rs3114867,0.851685808,0.371600953,non enhancer SNPs
chr16,rs9929218,rs3118228,0.802667109,1,non enhancer SNPs
chr16,rs9929218,rs3118235,0.894566887,0.064133517,non enhancer SNPs
chr14,rs732765,rs3213717,1.064028881,0.019009145,non enhancer SNPs
chr14,rs751837,rs3260,0.835475696,1,non enhancer SNPs
chr13,rs2479768,rs326509,0.637796092,0.239518498,non enhancer SNPs
chr13,rs2479768,rs326511,0.903480144,1,non enhancer SNPs
chr13,rs2479768,rs326516,1.139639509,1,non enhancer SNPs
chr13,rs2479768,rs326523,1.301011408,1,non enhancer SNPs
chr13,rs2352028,rs342701,0,1,non enhancer SNPs
chr13,rs2352028,rs342704,0.067761011,1,non enhancer SNPs
chr13,rs2352028,rs342706,1.055145709,0.246573081,non enhancer SNPs
chr13,rs2352028,rs342707,1.065395168,0.117357874,non enhancer SNPs
chr13,rs2352028,rs342708,0.406566065,1,non enhancer SNPs
chr13,rs2352028,rs345444,1.084176173,1,non enhancer SNPs
chr13,rs2352028,rs345445,1.144408183,1,non enhancer SNPs
chr16,rs391023,rs370703,0.727835522,0.967007034,non enhancer SNPs
chr15,rs539901,rs371125,0.971044746,0.257622892,non enhancer SNPs
chr13,rs4907479,rs3742239,0.990779544,1.77E-06,non enhancer SNPs
chr13,rs9315204,rs3742321,0.710824916,0.645779861,non enhancer SNPs
chr14,rs732765,rs3742788,1.461569391,0.114607302,non enhancer SNPs
chr15,rs8042374,rs3743078,0.907446931,0.032277351,non enhancer SNPs
chr16,rs17817449,rs3751812,0.646050185,0.835274202,non enhancer SNPs
chr13,rs1926657,rs3782965,0.855408992,0.736816411,non enhancer SNPs
chr14,rs3784099,rs3784099,0.721010756,0.746896025,non enhancer SNPs
chr13,rs9510787,rs3794347,1.235456569,0.5472691,non enhancer SNPs
chr13,rs9510787,rs3794348,0.769127332,0.361114391,non enhancer SNPs
chr16,rs3803662,rs3803662,0.942200722,0.15652761,non enhancer SNPs
chr14,rs732765,rs3813556,0.847628644,0.032564069,non enhancer SNPs
chr16,rs9635542,rs3813745,0.513723012,1,non enhancer SNPs
chr14,rs1243647,rs3814835,0.75775754,0.417040359,non enhancer SNPs
chr16,rs11075995,rs3826169,1.21605513,0.000874603,non enhancer SNPs
chr16,rs3844412,rs3844412,0.919084292,0.97469504,non enhancer SNPs
chr16,rs11075995,rs3848299,1.355220216,0.081603254,non enhancer SNPs
chr14,rs3850370,rs3850370,0.938540568,0.497844428,non enhancer SNPs
chr16,rs10871290,rs3851726,0.665898328,0.453224578,non enhancer SNPs
chr16,rs10871290,rs3863439,0.650505704,0.301268473,non enhancer SNPs
chr16,rs3844412,rs3865187,0.824584695,0.042864736,non enhancer SNPs
chr13,rs3885907,rs3885907,1.069367913,0.006831484,non enhancer SNPs
chr15,rs4262906,rs3890807,1.148896258,0.74797401,non enhancer SNPs
chr15,rs4262906,rs3890808,1.186770849,0.802719264,non enhancer SNPs
chr15,rs784411,rs3891625,1.049990438,0.274721758,non enhancer SNPs
chr15,rs7176508,rs3902140,1.196457224,0.11955234,non enhancer SNPs
chr16,rs391023,rs391023,0.951113079,0.729406891,non enhancer SNPs
chr16,rs391525,rs391525,0.802410451,0.802373321,non enhancer SNPs
chr15,rs4924410,rs3923235,1.069937462,0.001322566,non enhancer SNPs
chr15,rs8028689,rs3932767,0.677610108,0.314248143,non enhancer SNPs
chr16,rs4782151,rs3942702,1.084694422,0.001379779,non enhancer SNPs
chr13,rs2352028,rs400118,0.361392058,1,non enhancer SNPs
chr16,rs4888262,rs4072222,0.944602866,0.278247362,non enhancer SNPs
chr16,rs9929218,rs4076177,1.056737146,0.286104843,non enhancer SNPs
chr15,rs4589502,rs4077234,0.870748605,0.319345107,non enhancer SNPs
chr13,rs1926657,rs4148469,0.890998786,0.918716716,non enhancer SNPs
chr16,rs391023,rs421710,0.905358481,0.107585629,non enhancer SNPs
chr13,rs2479768,rs4238114,1.212671127,0.017080215,non enhancer SNPs
chr16,rs3096299,rs4238829,0.906515424,0.441118109,non enhancer SNPs
chr13,rs9600079,rs4242949,0.834458914,0.805548065,non enhancer SNPs
chr15,rs3884558,rs4255734,1.310212903,0.833196945,non enhancer SNPs
chr15,rs4262906,rs4262906,0.970885854,0.00278886,non enhancer SNPs
chr15,rs3884558,rs4270116,0.921713027,0.584957477,non enhancer SNPs
chr15,rs3884558,rs4270117,0.898724985,0.521435712,non enhancer SNPs
chr15,rs1876206,rs4283172,0.542088086,0.14229249,non enhancer SNPs
chr16,rs3112612,rs4290467,1.038079032,0.101461888,non enhancer SNPs
chr13,rs1926657,rs4303338,0.480135162,0.011833592,non enhancer SNPs
chr14,rs4322600,rs4322600,1.184204332,1,non enhancer SNPs
chr16,rs391023,rs433322,1.125875257,0.328227124,non enhancer SNPs
chr13,rs1926657,rs4334136,0.860634694,0.889071156,non enhancer SNPs
chr16,rs391023,rs434216,0.742928769,0.681639462,non enhancer SNPs
chr15,rs3884558,rs4374104,1.01779804,0.528479641,non enhancer SNPs
chr15,rs1876206,rs4374113,0.733618138,0.575609385,non enhancer SNPs
chr16,rs391023,rs438968,0.946938683,0.317174671,non enhancer SNPs
chr16,rs391023,rs439390,1.263721272,0.458383813,non enhancer SNPs
chr13,rs9510787,rs4400900,0.639554429,0.4126963,non enhancer SNPs
chr13,rs9510787,rs4411364,0.658227579,0.366622926,non enhancer SNPs
chr15,rs16958536,rs4415965,1.355220216,0.285714286,non enhancer SNPs
chr14,rs4444235,rs4444235,0.872679685,0.121534474,non enhancer SNPs
chr16,rs3844412,rs4445897,1.101088609,0.000249296,non enhancer SNPs
chr16,rs305061,rs447919,0.980439363,0.107213027,non enhancer SNPs
chr16,rs391023,rs448136,0.605643241,0.006186736,non enhancer SNPs
chr15,rs4924410,rs4497657,1.124330846,1,non enhancer SNPs
chr16,rs9929218,rs4500718,1.103244598,0.298332486,non enhancer SNPs
chr13,rs1926657,rs4505186,0.836056253,0.006903626,non enhancer SNPs
chr15,rs4589502,rs4589502,0.858271627,0.10215632,non enhancer SNPs
chr15,rs4589502,rs4598855,0.842175942,0.156245409,non enhancer SNPs
chr13,rs1926657,rs4636781,0.827103472,0.004995919,non enhancer SNPs
chr13,rs2352028,rs464167,1.2170409,0.309090909,non enhancer SNPs
chr13,rs9579199,rs4768983,1.222581642,0.91870966,non enhancer SNPs
chr13,rs2479768,rs4769660,0.95192412,0.313097772,non enhancer SNPs
chr13,rs2479768,rs4769671,1.149952552,1,non enhancer SNPs
chr13,rs1529276,rs4772537,1.084176173,1,non enhancer SNPs
chr13,rs1926657,rs4773854,1.173134218,1,non enhancer SNPs
chr13,rs1926657,rs4773855,1.21737496,1,non enhancer SNPs
chr13,rs1926657,rs4773857,1.131832268,0.019626461,non enhancer SNPs
chr15,rs7176508,rs4776471,1.384325617,3.78E-05,non enhancer SNPs
chr15,rs7176508,rs4776475,1.232137414,0.058474017,non enhancer SNPs
chr15,rs7176508,rs4777182,0.911115188,0.095617957,non enhancer SNPs
chr15,rs7176508,rs4777184,0.807838301,0.50508857,non enhancer SNPs
chr15,rs4779584,rs4779584,1.127386093,0.197168408,non enhancer SNPs
chr16,rs4782151,rs4782151,0.579815829,0.494006484,non enhancer SNPs
chr16,rs4782151,rs4782152,0.564934711,0.85833191,non enhancer SNPs
chr16,rs3844412,rs4783238,0.92068929,0.865910914,non enhancer SNPs
chr16,rs9929218,rs4783570,0.858970461,1,non enhancer SNPs
chr16,rs9929218,rs4783681,0.871538927,0.815459298,non enhancer SNPs
chr16,rs9929218,rs4783686,0.772289877,0.437908497,non enhancer SNPs
chr16,rs3803662,rs4784223,0.994759581,0.312001923,non enhancer SNPs
chr16,rs3803662,rs4784227,0.943193557,0.94939513,non enhancer SNPs
chr16,rs4785204,rs4785204,1.02824645,0.319350565,non enhancer SNPs
chr16,rs4785204,rs4785377,1.156172247,0.956949661,non enhancer SNPs
chr16,rs2086824,rs4785561,0.725259403,0.00478578,non enhancer SNPs
chr16,rs3096299,rs4785666,0.823769651,0.709600885,non enhancer SNPs
chr16,rs4785763,rs4785763,0.904839837,0.685018186,non enhancer SNPs
chr15,rs2251844,rs480108,0.94236514,0.077584984,non enhancer SNPs
chr13,rs7097,rs482704,1.10446824,1,non enhancer SNPs
chr15,rs2251844,rs486301,0.711490614,0.745898076,non enhancer SNPs
chr13,rs1585440,rs4883761,0.945056222,0.361047533,non enhancer SNPs
chr13,rs9543325,rs4885091,1.488073314,0.870598667,non enhancer SNPs
chr15,rs8042374,rs4887069,0.74383608,0.560139347,non enhancer SNPs
chr16,rs4888262,rs4888262,0.953800557,0.065602206,non enhancer SNPs
chr16,rs4888262,rs4888265,0.135522022,1,non enhancer SNPs
chr16,rs4888262,rs4888274,1.033827434,0.158529055,non enhancer SNPs
chr14,rs732765,rs4899530,0.720471735,0.052279333,non enhancer SNPs
chr14,rs732765,rs4899538,0.926410631,0.006953254,non enhancer SNPs
chr14,rs12100561,rs4900016,0.667518043,1,non enhancer SNPs
chr14,rs8008270,rs4901306,1.468155234,0.252873563,non enhancer SNPs
chr14,rs8008270,rs4901309,1.421999183,1,non enhancer SNPs
chr14,rs4902141,rs4902140,1.225043611,0.108228734,non enhancer SNPs
chr14,rs4902141,rs4902143,1.466303841,1,non enhancer SNPs
chr14,rs732765,rs4903261,1.349943253,0.383417801,non enhancer SNPs
chr14,rs732765,rs4903268,0.744831907,0.359452471,non enhancer SNPs
chr13,rs4907479,rs4907479,1.108120796,0.912241837,non enhancer SNPs
chr13,rs4907479,rs4907572,1.084948378,0.927150476,non enhancer SNPs
chr15,rs543686,rs4923765,1.00594003,0.791992414,non enhancer SNPs
chr15,rs4924410,rs4924410,1.373695878,0.50777199,non enhancer SNPs
chr15,rs4924410,rs4924413,0.83126021,0.269499974,non enhancer SNPs
chr13,rs9315204,rs4943076,0.826736657,0.512561015,non enhancer SNPs
chr15,rs2251844,rs496584,1.211893261,0.925346207,non enhancer SNPs
chr14,rs4982731,rs4982729,1.159816371,0.111186387,non enhancer SNPs
chr14,rs4982731,rs4982731,1.069741875,0.000457284,non enhancer SNPs
chr15,rs539901,rs510459,1.127692418,0.717008247,non enhancer SNPs
chr15,rs8042374,rs518425,0.542088086,1,non enhancer SNPs
chr15,rs2251844,rs523156,0.8732332,0.255422315,non enhancer SNPs
chr13,rs2352028,rs528366,1.156633491,0.071180053,non enhancer SNPs
chr15,rs543686,rs529014,1.434069392,0.453323735,non enhancer SNPs
chr13,rs2352028,rs535973,1.052143695,0.148846322,non enhancer SNPs
chr13,rs9315204,rs536850,1.088298516,0.411046311,non enhancer SNPs
chr15,rs539901,rs539901,1.069399415,0.489687384,non enhancer SNPs
chr15,rs543686,rs543686,0.893806909,0.844808367,non enhancer SNPs
chr13,rs2352028,rs543718,0.451740072,1,non enhancer SNPs
chr13,rs9315204,rs554588,1.252916888,0.202867217,non enhancer SNPs
chr15,rs2251844,rs570933,0.923273702,1.21E-06,non enhancer SNPs
chr15,rs2251844,rs572837,0.906777255,0.000888481,non enhancer SNPs
chr15,rs543686,rs594880,0.788669671,0.036336357,non enhancer SNPs
chr13,rs9315204,rs602133,1.205603904,0.12487575,non enhancer SNPs
chr13,rs9315204,rs614691,0.851852707,0.496732026,non enhancer SNPs
chr13,rs7097,rs615284,1.263258844,0.416626645,non enhancer SNPs
chr13,rs7097,rs625437,1.068906086,0.240841416,non enhancer SNPs
chr13,rs9543325,rs627862,1.305939481,1,non enhancer SNPs
chr13,rs1529276,rs6416378,1.015617974,0.315822263,non enhancer SNPs
chr16,rs13329835,rs6420415,1.180176373,0.023155499,non enhancer SNPs
chr13,rs9315204,rs642899,1.198430707,0.021238241,non enhancer SNPs
chr13,rs1529276,rs6491737,0.99339085,0.181477513,non enhancer SNPs
chr13,rs1926657,rs6492769,0.970052365,0.139785385,non enhancer SNPs
chr15,rs1876206,rs6493334,1.417918973,0.114166108,non enhancer SNPs
chr15,rs8042374,rs6495308,1.127144907,0.008827668,non enhancer SNPs
chr15,rs8042374,rs6495309,0.730011956,0.107211569,non enhancer SNPs
chr15,rs8028689,rs6497292,0.591368822,0.158359172,non enhancer SNPs
chr16,rs4782151,rs6498544,1.198164656,0.887034084,non enhancer SNPs
chr16,rs13329835,rs6564770,1.039993445,0.225658821,non enhancer SNPs
chr16,rs13329835,rs6564771,1.467318679,0.214397535,non enhancer SNPs
chr14,rs732765,rs6574189,0.950875824,0.230850769,non enhancer SNPs
chr15,rs543686,rs664251,1.461511998,0.625708322,non enhancer SNPs
chr15,rs8042374,rs667282,1.213719282,0.074337864,non enhancer SNPs
chr13,rs9315204,rs671937,0.50311231,0.302158214,non enhancer SNPs
chr15,rs2251844,rs689797,0.87605855,0.23552093,non enhancer SNPs
chr13,rs7097,rs694609,0.334037222,0.939715657,non enhancer SNPs
chr15,rs2251844,rs694985,0.865587983,0.030989111,non enhancer SNPs
chr13,rs7097,rs7097,1.038786022,0.041650073,non enhancer SNPs
chr14,rs8008270,rs7140747,1.050595495,1,non enhancer SNPs
chr14,rs8008270,rs7141054,1.025715693,1,non enhancer SNPs
chr14,rs7141529,rs7141529,0.639138093,0.294480508,non enhancer SNPs
chr14,rs7142143,rs7142143,0.755574514,0.252649095,non enhancer SNPs
chr14,rs7156960,rs7145598,0.947368364,0.314253909,non enhancer SNPs
chr14,rs732765,rs7146160,1.178117574,0.704509189,non enhancer SNPs
chr14,rs3784099,rs7148416,0.361392058,0.735687211,non enhancer SNPs
chr14,rs2236007,rs7149262,0.838262041,0.001342668,non enhancer SNPs
chr14,rs751837,rs7150770,1.103117687,0.552459513,non enhancer SNPs
chr14,rs7156960,rs7152893,1.339878101,1,non enhancer SNPs
chr14,rs1243647,rs7152933,0.992694083,1,non enhancer SNPs
chr14,rs732765,rs7153812,0.857015451,0.468926541,non enhancer SNPs
chr14,rs2588809,rs7155764,1.084176173,1,non enhancer SNPs
chr14,rs7156960,rs7156960,0.815649567,0.529241091,non enhancer SNPs
chr14,rs751837,rs7160433,0.810229238,0.308196618,non enhancer SNPs
chr15,rs11636802,rs7163544,0.623401299,0.037678522,non enhancer SNPs
chr15,rs1876206,rs7167026,0.677610108,0.175296443,non enhancer SNPs
chr15,rs4262906,rs7168107,0.891268032,4.29E-05,non enhancer SNPs
chr15,rs7169431,rs7169431,0.951419907,1,non enhancer SNPs
chr15,rs3884558,rs7173611,0.942662651,0.288823139,non enhancer SNPs
chr15,rs4775302,rs7173889,0.742861452,0.614573971,non enhancer SNPs
chr15,rs3884558,rs7175117,1.106979114,0.658999758,non enhancer SNPs
chr15,rs1876206,rs7176364,1.209539949,0.059382568,non enhancer SNPs
chr15,rs7176508,rs7176508,0.953763335,0.108847602,non enhancer SNPs
chr15,rs784411,rs7176696,1.10961713,0.141603737,non enhancer SNPs
chr15,rs4775302,rs7176851,1.132007475,0.051648344,non enhancer SNPs
chr15,rs4775302,rs7177122,0.659933323,1,non enhancer SNPs
chr15,rs4262906,rs7177511,1.142441423,0.001389528,non enhancer SNPs
chr15,rs8042374,rs7177514,0.916655896,0.180307447,non enhancer SNPs
chr15,rs4775302,rs7179610,1.315084848,0.291702384,non enhancer SNPs
chr15,rs7176508,rs7181030,1.1188209,0.226411782,non enhancer SNPs
chr15,rs3884558,rs7181076,0.770414589,0.139590661,non enhancer SNPs
chr15,rs4924410,rs7181230,1.164485519,1,non enhancer SNPs
chr15,rs3884558,rs7181326,1.117151858,0.065906127,non enhancer SNPs
chr15,rs8034191,rs7181486,0.979454611,1,non enhancer SNPs
chr15,rs3884558,rs7181601,0.93476483,0.80709724,non enhancer SNPs
chr15,rs4924410,rs7183977,0.965934818,0.002394648,non enhancer SNPs
chr16,rs17817449,rs7185735,0.955107581,1,non enhancer SNPs
chr16,rs9929218,rs7186084,1.072073741,0.18695323,non enhancer SNPs
chr16,rs9929218,rs7186333,0.935048942,0.125372044,non enhancer SNPs
chr16,rs3844412,rs7187173,1.079285153,1,non enhancer SNPs
chr16,rs8048207,rs7187701,1.061108595,0.214502396,non enhancer SNPs
chr16,rs13329835,rs7187794,0.853224931,0.01238261,non enhancer SNPs
chr16,rs4785204,rs7188083,1.084176173,1,non enhancer SNPs
chr16,rs4782151,rs7190139,0.709796588,0.586543168,non enhancer SNPs
chr16,rs4888262,rs7191665,1.000398923,0.194524635,non enhancer SNPs
chr16,rs7192724,rs7192724,1.405555358,0.627502103,non enhancer SNPs
chr16,rs3112612,rs7192828,0.987661974,0.000197547,non enhancer SNPs
chr16,rs4785204,rs7193138,1.197521864,0.772874126,non enhancer SNPs
chr16,rs4785204,rs7193487,0.614840574,0.304667978,non enhancer SNPs
chr16,rs4782151,rs7195056,1.06723592,0.022514382,non enhancer SNPs
chr16,rs9929218,rs7198799,0.935904693,0.534266168,non enhancer SNPs
chr16,rs9929218,rs7199991,0.963093597,0.622454059,non enhancer SNPs
chr16,rs9929218,rs7200690,1.148788692,0.936623784,non enhancer SNPs
chr16,rs4782151,rs7201110,0.938540568,0.028670062,non enhancer SNPs
chr16,rs4888262,rs7201320,0.965141994,0.070852968,non enhancer SNPs
chr16,rs11644424,rs7201419,0.993828159,0.014528373,non enhancer SNPs
chr16,rs17817449,rs7201850,1.334789761,0.785694814,non enhancer SNPs
chr16,rs4785204,rs7204293,1.089398602,0.187190097,non enhancer SNPs
chr16,rs3096299,rs7205785,0.921348227,0.025781244,non enhancer SNPs
chr14,rs2588809,rs725453,1.318018093,1,non enhancer SNPs
chr13,rs1000589,rs7323601,1.084176173,1,non enhancer SNPs
chr13,rs2479768,rs7325000,1.173948722,1,non enhancer SNPs
chr13,rs9579199,rs7326432,0.867340938,0.401343629,non enhancer SNPs
chr13,rs9600079,rs7327286,1.132115936,0.919387489,non enhancer SNPs
chr14,rs732765,rs732765,1.280287664,0.544997988,non enhancer SNPs
chr13,rs1926657,rs7329432,0.799802095,0.283383644,non enhancer SNPs
chr13,rs9543325,rs7330393,1.158307877,0.177032689,non enhancer SNPs
chr13,rs1926657,rs7333234,1.355220216,1,non enhancer SNPs
chr13,rs1926657,rs7335147,0.839758623,0.792523197,non enhancer SNPs
chr15,rs4589502,rs733664,0.76462689,0.787229686,non enhancer SNPs
chr15,rs73376930,rs73376930,1.123600761,0.038179692,non enhancer SNPs
chr16,rs8057939,rs7342731,1.427753129,0.474136556,non enhancer SNPs
chr16,rs13329835,rs735753,0.910447564,0.580760877,non enhancer SNPs
chr14,rs737387,rs737387,0.898770514,0.354550544,non enhancer SNPs
chr16,rs13329835,rs7404848,1.120247955,0.702846601,non enhancer SNPs
chr16,rs3096299,rs744327,0.949724062,0.349260252,non enhancer SNPs
chr14,rs941764,rs747159,0.982063107,0.012040221,non enhancer SNPs
chr15,rs4775302,rs747608,0.98448589,0.352007987,non enhancer SNPs
chr15,rs748404,rs748404,1.30192248,0.359818472,non enhancer SNPs
chr15,rs4924410,rs7497289,0.863436703,5.13E-05,non enhancer SNPs
chr15,rs8028689,rs7497759,1.280250587,0.854805666,non enhancer SNPs
chr16,rs10871290,rs7498574,0.815139863,0.588804067,non enhancer SNPs
chr16,rs13329835,rs7499149,0.788588771,0.000782357,non enhancer SNPs
chr16,rs13329835,rs7500067,0.79107973,0.00272652,non enhancer SNPs
chr16,rs4782151,rs7501294,1.109746366,0.048427246,non enhancer SNPs
chr14,rs751837,rs751837,0.814652003,0.540568604,non enhancer SNPs
chr16,rs3096299,rs753852,0.920854762,0.158910745,non enhancer SNPs
chr16,rs3096299,rs753853,0.951088679,0.159518873,non enhancer SNPs
chr13,rs753955,rs753954,0.848396386,0.751392058,non enhancer SNPs
chr13,rs753955,rs753955,0.909003604,0.168008308,non enhancer SNPs
chr14,rs757369,rs757369,0.562005061,0.596852103,non enhancer SNPs
chr16,rs9635542,rs759194,0.642985625,0.262718852,non enhancer SNPs
chr16,rs9635542,rs759196,0.649092826,0.403718032,non enhancer SNPs
chr14,rs765899,rs765899,0.800177819,0.482913276,non enhancer SNPs
chr14,rs7141529,rs767127,1.258088392,0.810118306,non enhancer SNPs
chr15,rs1876206,rs767441,1.355220216,0.656287605,non enhancer SNPs
chr15,rs784411,rs784406,0.820821322,0.655567246,non enhancer SNPs
chr15,rs784411,rs784411,1.017272896,1,non enhancer SNPs
chr15,rs11636802,rs795793,1.466826587,1,non enhancer SNPs
chr13,rs1926657,rs7983336,1.325711389,0.077084293,non enhancer SNPs
chr13,rs2479768,rs7984343,1.306054087,0.846106648,non enhancer SNPs
chr13,rs1926657,rs7988494,1.174524187,0.033589207,non enhancer SNPs
chr13,rs4907479,rs7988967,0.890565286,0.152304181,non enhancer SNPs
chr13,rs7097,rs7991072,1.068463475,0.867119898,non enhancer SNPs
chr13,rs2352028,rs7991916,0.92201307,0.368589744,non enhancer SNPs
chr13,rs1585440,rs7992861,0.361392058,1,non enhancer SNPs
chr13,rs753955,rs7993131,1.125914894,0.18750957,non enhancer SNPs
chr13,rs7999699,rs7999699,1.445568231,0.825660969,non enhancer SNPs
chr14,rs2400997,rs8008153,1.389100722,0.486215539,non enhancer SNPs
chr14,rs8008270,rs8008270,0.947635189,1,non enhancer SNPs
chr14,rs1243647,rs8011975,1.45739292,0.052364768,non enhancer SNPs
chr14,rs1243647,rs8014474,0.750012284,0.000311631,non enhancer SNPs
chr14,rs8015138,rs8015138,0.851406361,0.08318264,non enhancer SNPs
chr14,rs4982731,rs8015478,0.904681581,0.332391526,non enhancer SNPs
chr14,rs751837,rs8016439,1.081677394,1,non enhancer SNPs
chr14,rs732765,rs8016513,0.967524306,0.86143178,non enhancer SNPs
chr14,rs941764,rs8018155,0.868181385,0.146737576,non enhancer SNPs
chr14,rs751837,rs8020700,0.904282728,0.6566247,non enhancer SNPs
chr14,rs751837,rs8021471,0.940659327,1,non enhancer SNPs
chr15,rs8023845,rs8023845,0.949880595,0.716540846,non enhancer SNPs
chr15,rs8028689,rs8025035,0.839468393,0.877019225,non enhancer SNPs
chr15,rs4924410,rs8026641,0.928248067,0.051130566,non enhancer SNPs
chr15,rs8028689,rs8028689,0.777437473,0.792103898,non enhancer SNPs
chr15,rs1876206,rs8029557,1.302801321,0.759299142,non enhancer SNPs
chr15,rs8030672,rs8030672,0.694102206,0.088607313,non enhancer SNPs
chr15,rs3884558,rs8031208,1.125875257,0.18613963,non enhancer SNPs
chr15,rs8034191,rs8031948,1.236377828,0.205818138,non enhancer SNPs
chr15,rs8034191,rs8034191,1.434247516,0.047988785,non enhancer SNPs
chr15,rs784411,rs8035547,1.227369252,0.316922709,non enhancer SNPs
chr15,rs8028689,rs8036480,1.350776871,0.002851811,non enhancer SNPs
chr15,rs4775302,rs8037978,0.677610108,1,non enhancer SNPs
chr15,rs4589502,rs8040468,0.555772615,0.279805564,non enhancer SNPs
chr15,rs8034191,rs8040868,0.818246168,0.000106159,non enhancer SNPs
chr15,rs8028689,rs8041209,1.261258281,0.079813512,non enhancer SNPs
chr15,rs8042374,rs8042059,1.305007653,0.008286177,non enhancer SNPs
chr15,rs16958536,rs8042412,0.972020017,0.640313191,non enhancer SNPs
chr15,rs784411,rs804319,0.605863155,0.516002483,non enhancer SNPs
chr16,rs17817449,rs8043757,0.774411552,0.069327731,non enhancer SNPs
chr16,rs4782151,rs8044909,0.750583504,1,non enhancer SNPs
chr16,rs4782151,rs8045112,1.259975719,0.289722611,non enhancer SNPs
chr16,rs8046148,rs8046148,0.481856077,1,non enhancer SNPs
chr16,rs3112612,rs8046994,0.874335623,0.005556446,non enhancer SNPs
chr16,rs8048207,rs8048207,0.542088086,1,non enhancer SNPs
chr16,rs17817449,rs8050136,0.996533189,1,non enhancer SNPs
chr16,rs8056064,rs8056064,1.1271017,4.63E-05,non enhancer SNPs
chr16,rs9929218,rs8056538,0.946833318,0.150785926,non enhancer SNPs
chr16,rs13329835,rs8056731,1.148006731,0.300603178,non enhancer SNPs
chr16,rs1044873,rs8057456,1.018199616,0.207133275,non enhancer SNPs
chr16,rs8048207,rs8057630,0.680915523,0.547519646,non enhancer SNPs
chr16,rs8057939,rs8057939,0.906572269,0.217928208,non enhancer SNPs
chr16,rs4888262,rs8058133,0.929780404,0.054397136,non enhancer SNPs
chr16,rs8057939,rs8060115,1.022346497,0.548105981,non enhancer SNPs
chr16,rs4782151,rs8060447,0.620412601,0.229516171,non enhancer SNPs
chr16,rs4888262,rs8062783,0.930173876,0.683487825,non enhancer SNPs
chr15,rs784411,rs809207,0.216835235,1,non enhancer SNPs
chr15,rs8028689,rs8182028,1.236448107,0.919668634,non enhancer SNPs
chr15,rs8028689,rs8182077,1.210508749,0.895530492,non enhancer SNPs
chr14,rs17094983,rs856379,0.935683397,1,non enhancer SNPs
chr14,rs17094983,rs856380,1.020296726,0.279111605,non enhancer SNPs
chr16,rs13329835,rs873994,0.717212549,0.304545865,non enhancer SNPs
chr16,rs13329835,rs896625,0.990811265,0.415552842,non enhancer SNPs
chr13,rs1926657,rs899494,1.059419968,0.16509557,non enhancer SNPs
chr13,rs1926657,rs899496,0.933645927,0.23415601,non enhancer SNPs
chr13,rs1926657,rs899497,0.978611651,0.329491433,non enhancer SNPs
chr16,rs4782151,rs907020,0.900314006,0.033084981,non enhancer SNPs
chr16,rs4782151,rs907021,0.892514422,0.139786922,non enhancer SNPs
chr14,rs3784099,rs911263,0.978164494,0.28539313,non enhancer SNPs
chr13,rs9579199,rs912521,0.917177539,0.210041008,non enhancer SNPs
chr15,rs7176508,rs919054,1.066518581,0.162296181,non enhancer SNPs
chr14,rs11157317,rs921314,0.823170798,1,non enhancer SNPs
chr16,rs9929218,rs9282650,0.783135161,0.611267679,non enhancer SNPs
chr13,rs1529276,rs9300801,0.733125153,0.412266568,non enhancer SNPs
chr16,rs11075995,rs9302652,0.785093091,0.159528537,non enhancer SNPs
chr13,rs9315204,rs9315204,1.156923925,0.788882645,non enhancer SNPs
chr13,rs1000589,rs9317327,0.696970397,1,non enhancer SNPs
chr15,rs8034191,rs931794,0.936333968,0.015613416,non enhancer SNPs
chr13,rs9543325,rs9318163,0.596296895,0.659442724,non enhancer SNPs
chr13,rs9579199,rs932738,0.978371028,0.662405178,non enhancer SNPs
chr14,rs7156960,rs935331,1.235249902,0.003006464,non enhancer SNPs
chr15,rs8042374,rs938682,0.999198289,0.112979634,non enhancer SNPs
chr14,rs941764,rs941764,0.968688256,0.011489785,non enhancer SNPs
chr14,rs941764,rs941765,0.924086939,0.001601012,non enhancer SNPs
chr13,rs9600079,rs943559,1.280072934,0.9008747,non enhancer SNPs
chr13,rs2479768,rs9506076,0.794673933,0.001529888,non enhancer SNPs
chr13,rs9510787,rs9507126,1.234292874,1,non enhancer SNPs
chr13,rs9510787,rs9507127,1.008671047,0.001640537,non enhancer SNPs
chr13,rs9510787,rs9507128,1.183920381,0.031809265,non enhancer SNPs
chr13,rs1572072,rs9510771,0.731818917,0.673723274,non enhancer SNPs
chr13,rs9510787,rs9510788,0.917228755,0.150942936,non enhancer SNPs
chr13,rs9510787,rs9510790,0.966967938,0.259189112,non enhancer SNPs
chr13,rs9510787,rs9510793,0.596417627,0.056543622,non enhancer SNPs
chr15,rs8034191,rs951266,0.848305784,0.302815252,non enhancer SNPs
chr13,rs7097,rs9512759,1.09944626,0.760875801,non enhancer SNPs
chr13,rs7097,rs9512760,1.242285198,0.105127545,non enhancer SNPs
chr13,rs1926657,rs9516545,0.457386823,0.035493106,non enhancer SNPs
chr13,rs1926657,rs9524831,1.243585601,0.025361666,non enhancer SNPs
chr13,rs1926657,rs9524833,0.677610108,0.133141871,non enhancer SNPs
chr13,rs1926657,rs9524845,0.882468978,0.001025038,non enhancer SNPs
chr13,rs1926657,rs9524856,1.084176173,0.466666667,non enhancer SNPs
chr13,rs1000589,rs9528658,1.34313545,0.937904539,non enhancer SNPs
chr13,rs9543325,rs9530185,1.082055881,0.260154233,non enhancer SNPs
chr13,rs9315204,rs9536486,1.283597179,0.073934527,non enhancer SNPs
chr13,rs9315204,rs9536498,1.190913379,0.962284124,non enhancer SNPs
chr13,rs9315204,rs9536548,1.041379745,1,non enhancer SNPs
chr13,rs1000589,rs9539805,0.795991004,0.643088331,non enhancer SNPs
chr13,rs9600079,rs9543236,0.820731495,0.112695501,non enhancer SNPs
chr13,rs9543325,rs9543321,1.084176173,0.333333333,non enhancer SNPs
chr13,rs9543325,rs9543325,0.858455086,0.139957568,non enhancer SNPs
chr13,rs2039553,rs9545179,0.722784115,1,non enhancer SNPs
chr13,rs4907479,rs9549621,0.919382028,0.830642259,non enhancer SNPs
chr13,rs4907479,rs9549623,0.731759913,7.37E-05,non enhancer SNPs
chr13,rs2479768,rs9550434,0.619529242,1,non enhancer SNPs
chr13,rs2479768,rs9551591,1.169769029,0.270623103,non enhancer SNPs
chr13,rs9557635,rs9557635,1.067263025,0.601953391,non enhancer SNPs
chr13,rs9567349,rs9567349,0.841381791,0.736247715,non enhancer SNPs
chr13,rs9567349,rs9567352,0.793560022,0.550717564,non enhancer SNPs
chr13,rs1449572,rs9568122,0.92777043,0.040381699,non enhancer SNPs
chr13,rs1449572,rs9568130,1.193551825,0.911954294,non enhancer SNPs
chr13,rs9543325,rs9573163,1.201384408,0.3206822,non enhancer SNPs
chr13,rs9543325,rs9573164,0.970052365,0.866445956,non enhancer SNPs
chr13,rs1585440,rs957460,1.042766666,0.687367683,non enhancer SNPs
chr13,rs9579199,rs9578047,1.025203444,2.76E-07,non enhancer SNPs
chr13,rs9579199,rs9579199,1.001371128,3.39E-05,non enhancer SNPs
chr13,rs753955,rs9580741,0.713695854,0.31277123,non enhancer SNPs
chr13,rs1585440,rs9592432,0.433670469,0.477124183,non enhancer SNPs
chr13,rs1585440,rs9592438,0.711490614,0.069677704,non enhancer SNPs
chr13,rs1585440,rs9599030,1.381793162,0.369179352,non enhancer SNPs
chr13,rs1585440,rs9599040,1.090479523,0.528150883,non enhancer SNPs
chr13,rs9600079,rs9600077,0.911115188,0.664628574,non enhancer SNPs
chr13,rs9600079,rs9600079,1.375966797,0.004091935,non enhancer SNPs
chr16,rs9635542,rs9635542,0.496170037,0.16574043,non enhancer SNPs
chr16,rs9929218,rs9646284,1.378721145,0.719371942,non enhancer SNPs
chr15,rs4775302,rs9652447,1.379860584,0.063856709,non enhancer SNPs
chr14,rs2400997,rs9707405,1.10425351,0.488388197,non enhancer SNPs
chr15,rs207954,rs9707930,0.768492674,0.132147703,non enhancer SNPs
chr15,rs8034191,rs9788721,0.644966118,0.009003541,non enhancer SNPs
chr14,rs751837,rs9806052,1.131463794,0.115468291,non enhancer SNPs
chr15,rs16958536,rs9919957,0.774411552,0.584388189,non enhancer SNPs
chr15,rs1876206,rs9920665,0.885402361,0.000452246,non enhancer SNPs
chr16,rs17817449,rs9922619,0.722784115,0.028571429,non enhancer SNPs
chr16,rs17817449,rs9922708,1.293216677,0.035243118,non enhancer SNPs
chr16,rs4888262,rs9923145,1.346185415,0.428237098,non enhancer SNPs
chr16,rs17817449,rs9923233,1.128609623,0.113396683,non enhancer SNPs
chr16,rs4785204,rs9924629,1.095239195,0.600294026,non enhancer SNPs
chr16,rs4785204,rs9925215,0.657522293,0.017808195,non enhancer SNPs
chr16,rs9929218,rs9925923,0.870838281,1,non enhancer SNPs
chr16,rs17817449,rs9928094,1.077483727,0.572066876,non enhancer SNPs
chr16,rs9929218,rs9928847,1.157061966,1,non enhancer SNPs
chr16,rs9929218,rs9929218,1.332315086,0.164601925,non enhancer SNPs
chr16,rs9929218,rs9929239,1.341419603,0.498246149,non enhancer SNPs
chr16,rs9929218,rs9929479,1.447450481,0.072593673,non enhancer SNPs
chr16,rs17817449,rs9930333,1.095386266,0.309421887,non enhancer SNPs
chr16,rs17817449,rs9930501,1.495415411,0.010099787,non enhancer SNPs
chr16,rs4888262,rs9931225,0.682629442,0.897982525,non enhancer SNPs
chr16,rs17817449,rs9931494,0.15488231,1,non enhancer SNPs
chr16,rs4785204,rs9932240,1.367865273,0.709092544,non enhancer SNPs
chr16,rs11644424,rs9932349,0.935367679,1,non enhancer SNPs
chr16,rs11075995,rs9934773,0.216835235,0.285714286,non enhancer SNPs
chr16,rs17817449,rs9936385,1.188423882,0.14026726,non enhancer SNPs
chr16,rs4785204,rs9936966,0.774679515,0.243846193,non enhancer SNPs
chr16,rs17817449,rs9937053,0.633870196,0.118552663,non enhancer SNPs
chr16,rs13329835,rs9938021,1.021375634,3.80E-07,non enhancer SNPs
chr16,rs17817449,rs9939609,0.884338616,0.858700383,non enhancer SNPs
chr16,rs17817449,rs9939973,1.15176191,1,non enhancer SNPs
chr16,rs17817449,rs9940646,1.216604848,0.253097516,non enhancer SNPs
chr15,rs4924410,rs9972424,0.947433232,0.617376489,non enhancer SNPs
chr14,rs999737,rs999737,1.221606955,1,non enhancer SNPs
chr14,rs3784099,rs10129646,1.964377875,0.21106741,enhancer SNPs
chr14,rs751837,rs10138826,1.678513714,1,enhancer SNPs
chr14,rs11157317,rs10431669,1.574636823,0.425172182,enhancer SNPs
chr14,rs999737,rs10483813,1.793531238,1,enhancer SNPs
chr16,rs3112612,rs11075551,1.73795075,0.092149032,enhancer SNPs
chr16,rs1805007,rs11076649,2.480656021,1,enhancer SNPs
chr14,rs11157317,rs11157317,5.420880865,1,enhancer SNPs
chr15,rs784411,rs1125537,1.881364535,0.536573069,enhancer SNPs
chr14,rs999737,rs11621276,1.883042827,1,enhancer SNPs
chr15,rs11636802,rs11636802,1.790355788,0.159690349,enhancer SNPs
chr14,rs116909374,rs116909374,1.726616206,0.248990576,enhancer SNPs
chr15,rs1876206,rs11853778,1.716612274,0.127966976,enhancer SNPs
chr14,rs11157317,rs12435931,1.692473491,0.104691615,enhancer SNPs
chr14,rs1243647,rs12436471,1.998760542,1,enhancer SNPs
chr14,rs11157317,rs12436530,2.806103036,0.794838199,enhancer SNPs
chr14,rs11157317,rs12437000,2.090911191,0.334521296,enhancer SNPs
chr15,rs8028689,rs12592730,1.945139604,0.305471597,enhancer SNPs
chr15,rs1876206,rs12595201,1.826159241,0.332606117,enhancer SNPs
chr15,rs1876206,rs12902728,2.180959046,0.794234124,enhancer SNPs
chr15,rs1876206,rs12911732,2.710440432,1,enhancer SNPs
chr15,rs8034191,rs12914385,2.31893237,1,enhancer SNPs
chr14,rs2588809,rs1295782,3.850694683,1,enhancer SNPs
chr14,rs2588809,rs1316014,1.974018881,0.416278584,enhancer SNPs
chr16,rs9929218,rs13333528,2.321538865,0.742058999,enhancer SNPs
chr13,rs2479768,rs1407438,2.168352346,1,enhancer SNPs
chr16,rs17817449,rs1421085,2.0423814,0.392398974,enhancer SNPs
chr15,rs8034191,rs1504550,3.704268591,0.246376812,enhancer SNPs
chr16,rs17817449,rs1558902,1.528296533,0.134966665,enhancer SNPs
chr15,rs8028689,rs16950993,1.51159178,0.51019635,enhancer SNPs
chr15,rs16958536,rs16958433,3.794616605,1,enhancer SNPs
chr15,rs16976734,rs16976734,1.546403068,0.210220907,enhancer SNPs
chr13,rs1449572,rs17072446,1.696971401,0.508768053,enhancer SNPs
chr13,rs1886449,rs17090071,1.991131241,0.871022176,enhancer SNPs
chr14,rs17094983,rs17094983,2.303874368,1,enhancer SNPs
chr13,rs2352028,rs173141,2.53263554,0.68266175,enhancer SNPs
chr14,rs2588809,rs1744949,2.17632423,1,enhancer SNPs
chr13,rs17450420,rs17451245,1.583241395,0.523457408,enhancer SNPs
chr15,rs8034191,rs17483548,2.716890449,0.301477701,enhancer SNPs
chr15,rs1876206,rs1808024,3.252528519,0.142857143,enhancer SNPs
chr14,rs4902141,rs1844453,1.746728279,1,enhancer SNPs
chr16,rs4785204,rs1861662,1.802606167,1,enhancer SNPs
chr14,rs1243647,rs1948724,2.069790876,0.418597583,enhancer SNPs
chr13,rs9315204,rs1980781,1.60011703,0.672555018,enhancer SNPs
chr15,rs8034191,rs2009746,1.695762732,0.69042372,enhancer SNPs
chr13,rs2039553,rs2039552,2.168352346,1,enhancer SNPs
chr13,rs1585440,rs2126003,1.608917441,0.919891067,enhancer SNPs
chr14,rs2400997,rs2210801,1.69402527,1,enhancer SNPs
chr14,rs732765,rs2270425,5.110253827,0.934398684,enhancer SNPs
chr15,rs1876206,rs2278185,1.603677256,0.643020216,enhancer SNPs
chr16,rs4782151,rs2314292,2.678552898,0.111284128,enhancer SNPs
chr13,rs2479768,rs2479764,4.922159825,1,enhancer SNPs
chr15,rs8034191,rs2568494,1.700185362,0.737143298,enhancer SNPs
chr15,rs8034191,rs2656052,1.727163867,0.812450056,enhancer SNPs
chr13,rs1529276,rs2699315,1.53690908,0.182116424,enhancer SNPs
chr13,rs1529276,rs2699318,2.516837544,0.105175787,enhancer SNPs
chr14,rs2588809,rs2767377,1.806960288,1,enhancer SNPs
chr13,rs1529276,rs2774495,1.560653128,0.35122672,enhancer SNPs
chr13,rs753955,rs2861539,2.981484476,0.289230769,enhancer SNPs
chr13,rs1529276,rs3005621,1.959125365,0.176006782,enhancer SNPs
chr16,rs3112612,rs3112623,1.626264259,1,enhancer SNPs
chr15,rs784411,rs3213882,2.168352346,0.2,enhancer SNPs
chr13,rs2479768,rs326512,5.059488807,1,enhancer SNPs
chr13,rs2352028,rs342673,2.144013697,0.548262248,enhancer SNPs
chr15,rs8023845,rs3759843,2.424320375,0.206826877,enhancer SNPs
chr13,rs2352028,rs386885,1.576983524,1,enhancer SNPs
chr15,rs3884558,rs3884558,3.5127308,0.226234369,enhancer SNPs
chr13,rs1926657,rs4148464,2.293449597,0.534169622,enhancer SNPs
chr13,rs1926657,rs4148465,1.918157845,1,enhancer SNPs
chr15,rs539901,rs431701,1.500728071,0.267605634,enhancer SNPs
chr13,rs1926657,rs4612933,5.420880865,1,enhancer SNPs
chr13,rs2352028,rs464160,1.553985848,0.50240091,enhancer SNPs
chr13,rs1926657,rs4773847,4.026940071,0.107202823,enhancer SNPs
chr15,rs784411,rs4774522,1.50580024,0.659871163,enhancer SNPs
chr15,rs4775302,rs4775302,1.987656317,0.191604483,enhancer SNPs
chr15,rs4775302,rs4775336,1.555557118,1,enhancer SNPs
chr16,rs4782151,rs4780755,1.588940162,0.636075164,enhancer SNPs
chr13,rs9543325,rs4885093,1.740761369,0.105466141,enhancer SNPs
chr14,rs8008270,rs4901308,1.665929241,1,enhancer SNPs
chr14,rs4902141,rs4902141,1.806960288,1,enhancer SNPs
chr14,rs4902141,rs4902142,1.626264259,1,enhancer SNPs
chr15,rs1876206,rs5027380,1.840153363,0.078425388,enhancer SNPs
chr15,rs543686,rs529737,1.58270361,0.199269079,enhancer SNPs
chr15,rs8042374,rs569207,1.897308303,0.854670571,enhancer SNPs
chr13,rs573666,rs573666,2.529744404,0.464705882,enhancer SNPs
chr15,rs8042374,rs578776,1.587543682,0.093626589,enhancer SNPs
chr15,rs3884558,rs6494266,1.829547292,0.15331565,enhancer SNPs
chr16,rs11075995,rs6499648,1.679065047,1,enhancer SNPs
chr13,rs2039553,rs7139876,1.729519133,0.625763207,enhancer SNPs
chr14,rs7144018,rs7144018,1.547055041,0.882168255,enhancer SNPs
chr15,rs11637980,rs7161809,1.784373285,0.268786332,enhancer SNPs
chr15,rs4775302,rs7178577,1.599159855,0.117222886,enhancer SNPs
chr16,rs7186128,rs7186128,1.567566823,1,enhancer SNPs
chr16,rs17817449,rs7193144,2.891136461,1,enhancer SNPs
chr16,rs17817449,rs7202116,1.848171663,0.228522382,enhancer SNPs
chr16,rs3112612,rs7203671,1.560794684,0.629818876,enhancer SNPs
chr13,rs1926657,rs7325019,2.535573308,0.219174006,enhancer SNPs
chr13,rs1585440,rs7985261,1.592383754,0.074705322,enhancer SNPs
chr13,rs9510787,rs7989882,1.544810609,0.698391414,enhancer SNPs
chr13,rs9510787,rs7991222,1.581334436,0.252847213,enhancer SNPs
chr14,rs11157317,rs8004868,3.252528519,1,enhancer SNPs
chr15,rs1876206,rs8023401,1.512140452,0.453215902,enhancer SNPs
chr15,rs16958536,rs8028421,2.168352346,0.4,enhancer SNPs
chr15,rs8042374,rs8042374,1.63948592,0.363240458,enhancer SNPs
chr16,rs4785204,rs8048108,1.760260705,0.546713506,enhancer SNPs
chr16,rs17817449,rs8051591,1.571229936,0.337865173,enhancer SNPs
chr16,rs4785204,rs8064089,1.696504332,0.599576285,enhancer SNPs
chr14,rs17094983,rs856376,1.54335667,1,enhancer SNPs
chr16,rs3096299,rs889576,2.236113357,0.624023862,enhancer SNPs
chr14,rs944289,rs944289,2.129631768,1,enhancer SNPs
chr13,rs1529276,rs9518969,1.626264259,1,enhancer SNPs
chr13,rs1529276,rs9518970,4.336704692,1,enhancer SNPs
chr13,rs1529276,rs9518971,1.726650942,0.175710932,enhancer SNPs
chr16,rs8057939,rs952677,1.663015994,0.910887603,enhancer SNPs
chr13,rs9315204,rs9527098,1.712062374,0.866694713,enhancer SNPs
chr13,rs1449572,rs9568120,2.162876709,0.135913514,enhancer SNPs
chr13,rs1585440,rs9592437,1.610551561,1,enhancer SNPs
chr13,rs9543325,rs9592905,6.505057038,0.461538462,enhancer SNPs
chr13,rs1585440,rs9599028,2.891136461,1,enhancer SNPs
chr15,rs784411,rs9652424,1.897308303,1,enhancer SNPs
chr16,rs9934948,rs9934948,1.821415971,1,enhancer SNPs
chr16,rs17817449,rs9935401,1.584334794,0.278236049,enhancer SNPs
chr16,rs8048207,rs9936272,6.505057038,1,enhancer SNPs
chr16,rs17817449,rs9940128,1.504975144,0.793443765,enhancer SNPs
chr16,rs13329835,rs9940301,1.566570691,0.131057711,enhancer SNPs
chr16,rs13329835,rs9940376,1.563422921,0.126240649,enhancer SNPs
chr16,rs17817449,rs9941349,1.626264259,0.754677227,enhancer SNPs
chr14,rs11157317,rs10431668,1.75480061,0.013355214,imbalanced enhancer SNPs
chr15,rs11636802,rs11636793,1.516059539,0.01471995,imbalanced enhancer SNPs
chr14,rs944289,rs1169146,1.527702789,0.004703108,imbalanced enhancer SNPs
chr14,rs11157317,rs12433085,1.700951951,0.020147579,imbalanced enhancer SNPs
chr14,rs2236007,rs12881439,3.192296509,0.00371153,imbalanced enhancer SNPs
chr15,rs4775302,rs1564780,1.55458319,0.022615796,imbalanced enhancer SNPs
chr13,rs1585440,rs2126004,1.668780972,0.026332927,imbalanced enhancer SNPs
chr16,rs3112612,rs3112617,2.012534756,0.029401904,imbalanced enhancer SNPs
chr15,rs7176508,rs4776469,1.568042077,0.04866924,imbalanced enhancer SNPs
chr15,rs543686,rs551894,1.721129675,0.049532755,imbalanced enhancer SNPs
chr15,rs543686,rs663339,1.800834999,0.037692501,imbalanced enhancer SNPs
chr13,rs1000589,rs672064,4.065660649,0.022058824,imbalanced enhancer SNPs
chr13,rs753955,rs745068,2.086630524,0.000640819,imbalanced enhancer SNPs
chr13,rs753955,rs745069,1.89915214,0.006206529,imbalanced enhancer SNPs
chr13,rs1926657,rs7987653,2.787881588,0.002405652,imbalanced enhancer SNPs
chr13,rs9510787,rs7992255,1.821995916,0.018856743,imbalanced enhancer SNPs
chr14,rs11157317,rs8003386,2.710440432,0.00122549,imbalanced enhancer SNPs
chr13,rs9543325,rs9564966,2.168352346,0.034851993,imbalanced enhancer SNPs
chr14,rs11157317,rs979703,1.635610606,0.040514619,imbalanced enhancer SNPs
chr16,rs17817449,rs9923544,2.201883568,0.009094504,imbalanced enhancer SNPs
chr16,rs17817449,rs9930506,1.561213689,0.008534748,imbalanced enhancer SNPs
chr16,rs17817449,rs9932754,2.078004332,0.033178722,imbalanced enhancer SNPs
chr15,rs784411,rs1699402,0,1,non enhancer SNPs
chr15,rs4775302,rs17574539,0,1,non enhancer SNPs
chr14,rs1243647,rs17733330,0,1,non enhancer SNPs
chr13,rs2479768,rs1923518,0,1,non enhancer SNPs
chr15,rs4775302,rs1994198,0,1,non enhancer SNPs
chr14,rs11157317,rs2060607,0,1,non enhancer SNPs
chr13,rs1529276,rs2774499,0,1,non enhancer SNPs
chr13,rs2352028,rs2989990,0,1,non enhancer SNPs
chr13,rs9579199,rs4769618,0,1,non enhancer SNPs
chr15,rs1876206,rs4775767,0,1,non enhancer SNPs
chr16,rs4785204,rs4785201,0,1,non enhancer SNPs
chr15,rs8042374,rs637137,0,1,non enhancer SNPs
chr15,rs8034191,rs7180002,0,1,non enhancer SNPs
chr13,rs1585440,rs8001212,0,1,non enhancer SNPs
chr15,rs784411,rs8027473,0,1,non enhancer SNPs
chr15,rs1876206,rs8030753,0,1,non enhancer SNPs
chr16,rs4782151,rs8055943,0,1,non enhancer SNPs
chr13,rs9510787,rs9510787,0,1,non enhancer SNPs
chr16,rs17817449,rs9923147,0,1,non enhancer SNPs
