chr,TAG_SNP,LD_SNP,SNP activity,pvalue,Color
chrX,rs5955543,rs1007420,0.96207646,0.459621632,non enhancer SNPs
chr22,rs1014971,rs1014971,1.095963609,0.007068736,non enhancer SNPs
chr22,rs738722,rs1033667,1.195860754,0.218031645,non enhancer SNPs
chr21,rs372883,rs10460703,0.996687273,0.081471489,non enhancer SNPs
chr22,rs6001930,rs10483203,1.002685807,0.5253242,non enhancer SNPs
chr22,rs6001930,rs10483204,1.137322064,0.82748642,non enhancer SNPs
chr22,rs6001930,rs10483205,0.890573285,0.001767234,non enhancer SNPs
chr22,rs6001930,rs10483206,1.19334669,2.45E-06,non enhancer SNPs
chr22,rs36600,rs1076137,0.85389601,0.674401129,non enhancer SNPs
chr21,rs2014300,rs11088301,1.339215315,0.237891841,non enhancer SNPs
chr22,rs5768709,rs11090851,0.968735738,0.134337582,non enhancer SNPs
chr22,rs5768709,rs11090852,0.960090054,0.267073576,non enhancer SNPs
chrX,rs5919432,rs11094029,0.935969824,1,non enhancer SNPs
chrX,rs5919432,rs11094044,0.851852707,1,non enhancer SNPs
chr22,rs5751168,rs11109,0.865438875,0.92896214,non enhancer SNPs
chr21,rs372883,rs1153280,1.158415627,0.69929331,non enhancer SNPs
chr21,rs372883,rs1153287,1.414042541,0.687134981,non enhancer SNPs
chr21,rs372883,rs1153294,0.74318528,0.470938692,non enhancer SNPs
chr21,rs372883,rs1153295,0.596296895,0.035087719,non enhancer SNPs
chr21,rs1547374,rs11700899,0.92452667,0.097821915,non enhancer SNPs
chr21,rs1547374,rs11701981,0.750053334,0.280416174,non enhancer SNPs
chr22,rs11704416,rs11704416,1.191943934,0.126875841,non enhancer SNPs
chr22,rs9623117,rs11705409,0.646261598,0.680055785,non enhancer SNPs
chr21,rs372883,rs117214,1.029802596,0.002607033,non enhancer SNPs
chrX,rs5945572,rs11798651,1.130413098,0.430694641,non enhancer SNPs
chrX,rs5919432,rs12008011,1.158097276,1,non enhancer SNPs
chrX,rs5919432,rs12009490,0.885868916,1,non enhancer SNPs
chrX,rs5919432,rs12011193,0.885104277,1,non enhancer SNPs
chrX,rs5919432,rs12012620,0.937300256,0.534667025,non enhancer SNPs
chr21,rs1209950,rs1209950,1.356742936,0.597736753,non enhancer SNPs
chr22,rs6005451,rs12157480,0.776113189,0.518880246,non enhancer SNPs
chr22,rs6001930,rs12158872,1.027174673,0.649626731,non enhancer SNPs
chr22,rs877529,rs12158877,0.337037376,0.006125042,non enhancer SNPs
chr22,rs6001930,rs12159787,1.148973874,1,non enhancer SNPs
chr22,rs6001930,rs12159970,0.947374837,0.511186247,non enhancer SNPs
chr22,rs2239815,rs12165962,0.833814205,1,non enhancer SNPs
chr22,rs4407,rs12169248,0.61419683,0.345522382,non enhancer SNPs
chr21,rs372883,rs1236481,1.19259379,0.342578257,non enhancer SNPs
chrX,rs7064929,rs12389041,0.618081743,1,non enhancer SNPs
chrX,rs7064929,rs12389045,0.690725142,1,non enhancer SNPs
chrX,rs5955543,rs12392874,0.912524174,4.19E-05,non enhancer SNPs
chr21,rs2839186,rs12482209,0.818579156,0.664254131,non enhancer SNPs
chr22,rs4821941,rs12484438,1.3969193,0.556279655,non enhancer SNPs
chr22,rs4821941,rs12628051,0.906765526,0.179840634,non enhancer SNPs
chr22,rs4407,rs131172,0.948654151,0.070729152,non enhancer SNPs
chr22,rs36600,rs131291,1.453627443,0.442190299,non enhancer SNPs
chr22,rs742134,rs1318001,0.74520625,0.415491298,non enhancer SNPs
chr22,rs132390,rs132390,0.836390333,0.711267614,non enhancer SNPs
chrX,rs5945572,rs1327301,1.113786026,1,non enhancer SNPs
chrX,rs5945572,rs1327302,0.834344272,0.189243025,non enhancer SNPs
chrX,rs5945572,rs1327304,0.749067174,0.299530907,non enhancer SNPs
chrX,rs5945572,rs1343272,1.422981227,1,non enhancer SNPs
chr22,rs4407,rs135627,0.575968592,1,non enhancer SNPs
chrX,rs5945572,rs1361837,0.931475304,0.014591541,non enhancer SNPs
chrX,rs5965182,rs1379146,1.141998902,1,non enhancer SNPs
chr22,rs139371,rs139365,0.271044043,0.066666667,non enhancer SNPs
chr22,rs139371,rs139371,0.754299527,0.381930538,non enhancer SNPs
chr22,rs877529,rs139383,0.817388279,0.007259374,non enhancer SNPs
chr22,rs877529,rs139385,0.836119475,0.490484203,non enhancer SNPs
chr22,rs877529,rs139386,0.495135575,0.539248374,non enhancer SNPs
chr22,rs877529,rs139388,0.85458962,0.005514964,non enhancer SNPs
chr22,rs877529,rs139398,1.34406344,0.612240026,non enhancer SNPs
chr22,rs877529,rs139404,0.853858955,0.935498016,non enhancer SNPs
chr22,rs877529,rs139410,0.866942344,0.821417248,non enhancer SNPs
chr22,rs877529,rs139413,0.849916678,0.541427017,non enhancer SNPs
chr22,rs877529,rs139418,0.783016125,1,non enhancer SNPs
chr22,rs36600,rs140135,0.849395668,0.00073595,non enhancer SNPs
chr22,rs36600,rs140151,1.33216265,0.027314363,non enhancer SNPs
chrX,rs5919432,rs1415270,0.857344988,0.285456082,non enhancer SNPs
chrX,rs5919432,rs1419166,0.591368822,1,non enhancer SNPs
chrX,rs5945572,rs1541240,1.205869417,0.178136994,non enhancer SNPs
chrX,rs5945572,rs1541241,0.972844505,0.006868533,non enhancer SNPs
chr22,rs4822983,rs1547014,1.119376698,0.24203822,non enhancer SNPs
chr21,rs1547374,rs1547374,1.06956841,0.243457201,non enhancer SNPs
chrX,rs5919432,rs1572502,0.92685376,1,non enhancer SNPs
chrX,rs5945572,rs1592303,1.291445147,1,non enhancer SNPs
chr22,rs2283873,rs16988855,0.773369024,0.878730366,non enhancer SNPs
chrX,rs7064929,rs16989570,1.018947337,0.291619128,non enhancer SNPs
chrX,rs7064929,rs16989604,1.106302217,1,non enhancer SNPs
chr22,rs1014971,rs17000526,0.914508795,0.238097489,non enhancer SNPs
chr22,rs6001930,rs17001943,1.000778006,0.734298985,non enhancer SNPs
chr22,rs6001930,rs17001974,0.878345734,0.132946359,non enhancer SNPs
chr22,rs6001930,rs17001977,0.474327076,1,non enhancer SNPs
chr22,rs6001930,rs17001994,1.280815969,0.002395666,non enhancer SNPs
chr22,rs6001930,rs17001997,1.098631855,0.156418449,non enhancer SNPs
chr22,rs6001930,rs17002024,0.650505704,1,non enhancer SNPs
chr22,rs6001930,rs17002026,1.499777039,0.590395756,non enhancer SNPs
chrX,rs5955543,rs17273802,1.305026875,0.844941607,non enhancer SNPs
chr22,rs4821941,rs17421586,1.241556585,0.629863078,non enhancer SNPs
chr22,rs738722,rs1807609,0.860963431,0.442357105,non enhancer SNPs
chrX,rs5955543,rs1883665,0.724961176,1,non enhancer SNPs
chrX,rs5945572,rs1891702,1.369437416,0.718166528,non enhancer SNPs
chrX,rs5919432,rs1931538,0.406566065,1,non enhancer SNPs
chrX,rs5945572,rs1936034,1.208268627,0.563888807,non enhancer SNPs
chrX,rs5945572,rs1936035,0.108417617,1,non enhancer SNPs
chrX,rs5945572,rs1936036,0.840236534,0.737086956,non enhancer SNPs
chrX,rs5945572,rs1936037,1.116832082,0.003501387,non enhancer SNPs
chrX,rs5945572,rs1936038,0.875680755,0.000288033,non enhancer SNPs
chrX,rs5945572,rs1970956,1.435667078,0.298217665,non enhancer SNPs
chrX,rs5945572,rs1970957,1.462172731,0.748653816,non enhancer SNPs
chrX,rs5945619,rs1984280,0.909352765,0.203247937,non enhancer SNPs
chr21,rs2014300,rs2014300,0.696970397,0.137353253,non enhancer SNPs
chr22,rs36600,rs2017677,1.168919472,0.086029686,non enhancer SNPs
chr22,rs9623117,rs2018458,0.763723059,0.19019878,non enhancer SNPs
chr21,rs372883,rs2018956,1.296894283,0.029495114,non enhancer SNPs
chr21,rs372883,rs2027605,0.914109322,0.754045798,non enhancer SNPs
chr21,rs2823093,rs2049880,0.58378717,0.440071192,non enhancer SNPs
chr22,rs2283873,rs2072195,0.817407272,0.027704487,non enhancer SNPs
chr22,rs4821941,rs2072858,0.904726324,0.231006794,non enhancer SNPs
chr22,rs4822983,rs2078555,1.03289757,0.001303294,non enhancer SNPs
chrX,rs5919432,rs2095341,0.81313213,1,non enhancer SNPs
chr22,rs2239815,rs2097461,0.756764563,0.053422682,non enhancer SNPs
chrX,rs5945572,rs2105379,0.766400398,0.389340209,non enhancer SNPs
chr22,rs4821941,rs2143175,0.700197112,0.369499625,non enhancer SNPs
chr22,rs5751168,rs2156886,0.903480144,0.107142857,non enhancer SNPs
chrX,rs7064929,rs2167023,1.490742238,1,non enhancer SNPs
chr22,rs2284063,rs2235345,0.815540982,0.5087765,non enhancer SNPs
chr22,rs2239815,rs2239815,1.343173814,0.424618097,non enhancer SNPs
chr21,rs2014300,rs2242877,0.771844442,0.891612417,non enhancer SNPs
chr21,rs2014300,rs2242879,0.755069861,0.237842446,non enhancer SNPs
chr21,rs2014300,rs2242880,0.815139863,0.5057359,non enhancer SNPs
chr21,rs2014300,rs2242881,0.845067833,0.168192191,non enhancer SNPs
chr21,rs2839186,rs2250213,0.91681464,0.187645706,non enhancer SNPs
chr22,rs2283873,rs2267162,1.012214345,0.724598184,non enhancer SNPs
chr22,rs2284063,rs2267371,0.808967561,0.757331615,non enhancer SNPs
chr22,rs2239815,rs2269577,0.802120965,0.925126209,non enhancer SNPs
chr21,rs2839186,rs2276257,0.829706765,0.290251976,non enhancer SNPs
chr22,rs2283873,rs2283873,0.769493387,0.461449178,non enhancer SNPs
chr22,rs2284063,rs2284063,1.329954855,0.00141355,non enhancer SNPs
chr22,rs6001930,rs2294352,1.170622114,0.565185692,non enhancer SNPs
chr22,rs5751168,rs2330097,1.027959631,0.178739535,non enhancer SNPs
chrX,rs5945572,rs2384958,1.471381949,1,non enhancer SNPs
chrX,rs2405942,rs2405942,0.839606199,0.091311503,non enhancer SNPs
chr22,rs2284063,rs2413506,0.811146459,0.528981161,non enhancer SNPs
chr22,rs742134,rs2413748,0.743497918,1,non enhancer SNPs
chr21,rs2823093,rs2823085,1.203103661,0.665878486,non enhancer SNPs
chr21,rs2823093,rs2823093,1.058718998,0.264740296,non enhancer SNPs
chr21,rs2823779,rs2823779,0.876907199,0.047759752,non enhancer SNPs
chr21,rs372883,rs2832290,0.566728454,0.189388481,non enhancer SNPs
chr21,rs2014300,rs2834718,0.709406323,0.04820834,non enhancer SNPs
chr21,rs2014300,rs2834719,1.131579799,0.120164697,non enhancer SNPs
chr21,rs2838088,rs2838088,0.93086574,1.55E-10,non enhancer SNPs
chr21,rs2839186,rs2839181,0.668305061,0.105401045,non enhancer SNPs
chr21,rs2839186,rs2839186,0.987191219,0.930115413,non enhancer SNPs
chr21,rs2839186,rs2839191,1.139127568,0.129434861,non enhancer SNPs
chr21,rs2839186,rs2839194,1.04737646,0.416688199,non enhancer SNPs
chr21,rs2839186,rs2839196,0.874540546,0.589619219,non enhancer SNPs
chr21,rs2839186,rs2839197,0.849655795,1,non enhancer SNPs
chr21,rs2839186,rs2839200,0.874606036,0.945170256,non enhancer SNPs
chrX,rs7064929,rs28470291,0.767217565,1,non enhancer SNPs
chr21,rs2823093,rs2896680,1.036420794,0.627963409,non enhancer SNPs
chr22,rs5751168,rs361676,1.054022095,0.099992401,non enhancer SNPs
chr22,rs5751168,rs361901,1.064930442,0.10052948,non enhancer SNPs
chr21,rs45430,rs364525,0.947105713,0.59738952,non enhancer SNPs
chr22,rs36600,rs36594,1.403869147,1,non enhancer SNPs
chr22,rs36600,rs36604,0.276810938,0.209211049,non enhancer SNPs
chr22,rs36600,rs36605,0.228881637,0.222556887,non enhancer SNPs
chr22,rs36600,rs36606,0.285309519,0.097240938,non enhancer SNPs
chr22,rs36600,rs36609,1.219698195,0.0117126,non enhancer SNPs
chr21,rs458685,rs367988,1.118056678,0.045082154,non enhancer SNPs
chr21,rs441810,rs371674,0.887812116,0.411203583,non enhancer SNPs
chr21,rs372883,rs372883,1.219698195,1,non enhancer SNPs
chr22,rs2284063,rs3761446,0.719143368,0.558207747,non enhancer SNPs
chr21,rs2839186,rs3788252,1.195691436,0.072058168,non enhancer SNPs
chr22,rs2239815,rs3788409,1.069146004,0.720521123,non enhancer SNPs
chr22,rs2284063,rs3788534,1.110639354,0.01329764,non enhancer SNPs
chr22,rs2284063,rs3788535,1.109432134,0.030061425,non enhancer SNPs
chr22,rs2284063,rs3788536,0.956137872,0.00240554,non enhancer SNPs
chr21,rs372883,rs379592,0,1,non enhancer SNPs
chr22,rs6001930,rs3827381,1.264872202,0.00188524,non enhancer SNPs
chr22,rs6001930,rs3827382,1.270821042,0.001388242,non enhancer SNPs
chr21,rs372883,rs388707,1.268353211,1,non enhancer SNPs
chrX,rs5919432,rs3927643,1.437447061,0.462530313,non enhancer SNPs
chr22,rs36600,rs3958025,0.982836264,0.366456513,non enhancer SNPs
chr22,rs5751168,rs398182,1.244921536,1,non enhancer SNPs
chr21,rs45430,rs408825,1.230727942,0.049399276,non enhancer SNPs
chr21,rs455804,rs412979,0.783016125,0.485380117,non enhancer SNPs
chr22,rs5751168,rs414781,1.102868866,0.101482278,non enhancer SNPs
chr21,rs458685,rs415336,1.084176173,0.230769231,non enhancer SNPs
chr21,rs455804,rs417565,1.096653904,0.151220769,non enhancer SNPs
chr21,rs458685,rs418688,0.668575307,0.017119585,non enhancer SNPs
chr21,rs455804,rs420121,1.334370674,0.167416106,non enhancer SNPs
chr22,rs36600,rs4239932,1.27115308,0.457275504,non enhancer SNPs
chr21,rs372883,rs425989,1.403148736,0.079706348,non enhancer SNPs
chrX,rs5945572,rs4308906,1.00015252,0.246056541,non enhancer SNPs
chrX,rs5965182,rs4314798,0.603078328,0.608902672,non enhancer SNPs
chr21,rs458685,rs433558,0.994908678,0.522675346,non enhancer SNPs
chrX,rs5919432,rs4370673,0.880893141,1,non enhancer SNPs
chr22,rs4407,rs4407,1.368330155,0.559202895,non enhancer SNPs
chr22,rs4407,rs4407350,0.742906168,0.316994087,non enhancer SNPs
chr21,rs455804,rs441426,1.442688613,0.085106566,non enhancer SNPs
chr21,rs45430,rs443099,1.059156723,0.004219676,non enhancer SNPs
chrX,rs5919432,rs4456006,1.033493141,0.349206349,non enhancer SNPs
chr21,rs1547374,rs4471987,0.937076893,0.392758896,non enhancer SNPs
chr22,rs5751168,rs450981,0.203283032,1,non enhancer SNPs
chr21,rs458685,rs452101,1.239058483,0.246270499,non enhancer SNPs
chr21,rs458685,rs453171,0.9116936,1,non enhancer SNPs
chr21,rs458685,rs453238,0.992185467,0.189983349,non enhancer SNPs
chr21,rs45430,rs45430,0.860916388,0.520921877,non enhancer SNPs
chr21,rs458685,rs455354,1.170221901,0.449516084,non enhancer SNPs
chr21,rs458685,rs456245,0.936333968,1,non enhancer SNPs
chr21,rs458685,rs457243,1.165646059,0.174077982,non enhancer SNPs
chr21,rs458685,rs458685,0.99825443,0.077435964,non enhancer SNPs
chr21,rs458685,rs458784,1.152342938,0.337484591,non enhancer SNPs
chr21,rs455804,rs459617,1.00202755,0.326407097,non enhancer SNPs
chr22,rs5751168,rs4619723,1.355220216,0.428290334,non enhancer SNPs
chr21,rs458685,rs462606,1.348481552,0.000452757,non enhancer SNPs
chr21,rs458685,rs464229,1.148795945,0.781030089,non enhancer SNPs
chr21,rs455804,rs465116,0.847550421,0.174500207,non enhancer SNPs
chr21,rs2839186,rs4819221,1.138994069,0.443680948,non enhancer SNPs
chr22,rs2284063,rs4820314,0.714780068,0.322948773,non enhancer SNPs
chr22,rs2284063,rs4820315,0.697919382,0.121438618,non enhancer SNPs
chr22,rs2284063,rs4820317,1.008165996,0.961975865,non enhancer SNPs
chr22,rs2284063,rs4820321,0.723354134,0.003322055,non enhancer SNPs
chr22,rs6005451,rs4820758,0.765844603,0.431375543,non enhancer SNPs
chr22,rs2284063,rs4821747,1.076398387,0.301329298,non enhancer SNPs
chr22,rs2284063,rs4821751,1.243181134,0.152377266,non enhancer SNPs
chr22,rs2284063,rs4821754,0.688068399,0.298688455,non enhancer SNPs
chr22,rs4821941,rs4821941,0.863445695,0.595940231,non enhancer SNPs
chr22,rs6005451,rs4822881,0.776529601,3.81E-05,non enhancer SNPs
chr22,rs4822983,rs4822983,1.052288638,1,non enhancer SNPs
chr22,rs36600,rs4823063,1.289411169,0.501590926,non enhancer SNPs
chr22,rs4407,rs4823328,0.81313213,0.2,non enhancer SNPs
chr22,rs4407,rs4823329,1.221662282,2.13E-07,non enhancer SNPs
chr22,rs5768709,rs4823539,0.767189857,0.683131418,non enhancer SNPs
chrX,rs5955543,rs4825243,0.946678612,0.368486002,non enhancer SNPs
chrX,rs5955543,rs4825269,1.165860679,0.240951613,non enhancer SNPs
chrX,rs5955543,rs4825280,1.171744248,0.821371989,non enhancer SNPs
chrX,rs5919432,rs4827403,1.254418713,0.300531915,non enhancer SNPs
chrX,rs5919432,rs4827405,0.932895777,0.372093023,non enhancer SNPs
chrX,rs5919432,rs4827556,1.067410562,1,non enhancer SNPs
chrX,rs5919432,rs4827557,0.833430582,0.307061705,non enhancer SNPs
chrX,rs5945572,rs4907775,1.008093635,0.348101266,non enhancer SNPs
chrX,rs5945572,rs4907792,1.049410429,0.916416684,non enhancer SNPs
chrX,rs5945572,rs4907796,1.116651496,0.315623998,non enhancer SNPs
chrX,rs5945572,rs4907797,0.180696029,1,non enhancer SNPs
chr21,rs1547374,rs4919984,0.731723623,0.75734282,non enhancer SNPs
chr21,rs1547374,rs4919985,0.967400881,0.243319716,non enhancer SNPs
chr21,rs1547374,rs4920086,1.084176173,0.004265169,non enhancer SNPs
chr21,rs1547374,rs4920090,1.154577223,0.000867118,non enhancer SNPs
chr22,rs742134,rs4988366,1.053653195,1,non enhancer SNPs
chr22,rs742134,rs4988372,0.72707711,0.427121771,non enhancer SNPs
chr22,rs36600,rs4993442,0.271044043,0.1,non enhancer SNPs
chr22,rs2284063,rs5750546,0.748597834,1,non enhancer SNPs
chr22,rs2284063,rs5750547,0.823803155,0.728442524,non enhancer SNPs
chr22,rs2284063,rs5750549,0.781615381,0.699512028,non enhancer SNPs
chr22,rs5751168,rs5751168,0.617928709,0.684439756,non enhancer SNPs
chr22,rs5751168,rs5751192,1.002179656,0.798250729,non enhancer SNPs
chr22,rs742134,rs5751435,1.464169292,1,non enhancer SNPs
chr22,rs6005451,rs5752551,1.010999096,0.188609735,non enhancer SNPs
chr22,rs4822983,rs5752773,1.084176173,1,non enhancer SNPs
chr22,rs2239815,rs5752809,0.6145829,0.15012012,non enhancer SNPs
chr22,rs2239815,rs5752812,0.673110705,0.435556935,non enhancer SNPs
chr22,rs36600,rs5752968,0.622563019,0.027529169,non enhancer SNPs
chr22,rs2284063,rs5756926,0.135522022,1,non enhancer SNPs
chr22,rs2284063,rs5756932,0.694788956,0.297503197,non enhancer SNPs
chr22,rs5751168,rs5758470,1.048822602,0.876160267,non enhancer SNPs
chr22,rs5751168,rs5758522,1.174524187,1,non enhancer SNPs
chr22,rs5751168,rs5758528,0.903480144,0.616510185,non enhancer SNPs
chr22,rs742134,rs5759182,1.228230652,0.518899986,non enhancer SNPs
chr22,rs6005451,rs5762176,0.834606711,0.554457798,non enhancer SNPs
chr22,rs2239815,rs5762784,0.77206485,0.497584362,non enhancer SNPs
chr22,rs2239815,rs5762788,1.108816541,1,non enhancer SNPs
chr22,rs2239815,rs5762795,0.884879082,0.574957348,non enhancer SNPs
chr22,rs2239815,rs5762824,1.034247007,0.002317375,non enhancer SNPs
chr22,rs2239815,rs5762853,0.877666426,0.407323591,non enhancer SNPs
chr22,rs2239815,rs5762864,1.003488009,0.083557948,non enhancer SNPs
chr22,rs36600,rs5763634,1.006364486,0.33187035,non enhancer SNPs
chr22,rs36600,rs5763644,1.125875257,0.180672269,non enhancer SNPs
chr22,rs4407,rs5765706,0.650505704,1,non enhancer SNPs
chr22,rs4407,rs5765710,0.725013554,0.130606596,non enhancer SNPs
chr22,rs4407,rs5765714,0.81985223,0.018359149,non enhancer SNPs
chr22,rs4407,rs5765715,0.821114221,0.042365775,non enhancer SNPs
chr22,rs4407,rs5765717,1.205963973,0.778768333,non enhancer SNPs
chr22,rs4407,rs5765722,0.613460186,0.69893676,non enhancer SNPs
chr22,rs4407,rs5765723,1.045669916,0.190259637,non enhancer SNPs
chr22,rs4407,rs5765724,1.078856843,0.081997281,non enhancer SNPs
chr22,rs4407,rs5765725,1.099042803,0.049569242,non enhancer SNPs
chr22,rs5768709,rs5768709,0.722028855,0.378029572,non enhancer SNPs
chrX,rs5919432,rs5918770,0.796862847,0.38084573,non enhancer SNPs
chrX,rs5919432,rs5918774,0.981366363,1,non enhancer SNPs
chrX,rs5919432,rs5918777,1.0363714,1,non enhancer SNPs
chrX,rs5919432,rs5918785,0.747707706,1,non enhancer SNPs
chrX,rs5919432,rs5919427,1.010646187,1,non enhancer SNPs
chrX,rs5919432,rs5919432,0.912514946,1,non enhancer SNPs
chrX,rs5919432,rs5919437,1.462377164,1,non enhancer SNPs
chrX,rs5919432,rs5919467,1.111896586,1,non enhancer SNPs
chrX,rs2405942,rs5933764,1.229596881,0.632926365,non enhancer SNPs
chrX,rs2405942,rs5933765,1.17268035,0.885415649,non enhancer SNPs
chrX,rs5934683,rs5934683,1.026095307,0.844859806,non enhancer SNPs
chrX,rs5945572,rs5945569,0.836984006,0.703889566,non enhancer SNPs
chrX,rs5945572,rs5945572,1.454172803,1,non enhancer SNPs
chrX,rs5945572,rs5945573,1.015527463,0.016829933,non enhancer SNPs
chrX,rs5945572,rs5945605,1.424375487,0.448791517,non enhancer SNPs
chrX,rs5945572,rs5945606,1.133261194,0.493173109,non enhancer SNPs
chrX,rs5945572,rs5945607,1.125125273,0.827772735,non enhancer SNPs
chrX,rs5945572,rs5945610,1.37690374,0.348787829,non enhancer SNPs
chrX,rs5945572,rs5945617,1.024560348,0.022577859,non enhancer SNPs
chrX,rs5945572,rs5945618,0.923243772,0.362168606,non enhancer SNPs
chrX,rs5945572,rs5945619,0.825031624,0.064980236,non enhancer SNPs
chrX,rs5945572,rs5945621,1.264872202,0.375,non enhancer SNPs
chrX,rs5945572,rs5945644,1.321339711,1,non enhancer SNPs
chrX,rs5945572,rs5945650,0.785093091,1,non enhancer SNPs
chrX,rs5945572,rs5945651,1.301011408,0.280058177,non enhancer SNPs
chrX,rs5955543,rs5955625,0.57229733,0.108434617,non enhancer SNPs
chrX,rs5955543,rs5955717,0.956626035,0.438026103,non enhancer SNPs
chrX,rs5955543,rs5955731,1.023494671,0.637977591,non enhancer SNPs
chrX,rs7064929,rs5964408,1.435242743,1,non enhancer SNPs
chrX,rs7064929,rs5964416,0.829374809,0.256300947,non enhancer SNPs
chrX,rs7064929,rs5964420,0.901415047,1,non enhancer SNPs
chrX,rs5919432,rs5964607,0.696970397,1,non enhancer SNPs
chrX,rs5919432,rs5964614,1.294988207,1,non enhancer SNPs
chrX,rs7064929,rs5964893,1.003170576,1,non enhancer SNPs
chrX,rs5965182,rs5965182,1.197249762,1,non enhancer SNPs
chrX,rs5965182,rs5965189,1.138384982,1,non enhancer SNPs
chrX,rs5965182,rs5965192,0.943170601,1,non enhancer SNPs
chrX,rs5971305,rs5971305,1.264872202,0.715293706,non enhancer SNPs
chrX,rs5945572,rs5987397,1.400001406,0.734742206,non enhancer SNPs
chrX,rs5945572,rs5987421,1.204640192,1,non enhancer SNPs
chr22,rs4821941,rs5995842,0.864198399,0.00199042,non enhancer SNPs
chr22,rs4821941,rs5995843,1.114117085,0.169370031,non enhancer SNPs
chr22,rs6001930,rs5995856,1.102453472,0.005265277,non enhancer SNPs
chr22,rs6001930,rs5995867,1.311360936,0.338164549,non enhancer SNPs
chr22,rs6001930,rs5995870,1.091705174,0.367357965,non enhancer SNPs
chr22,rs6001930,rs5995871,1.221255919,0.184899318,non enhancer SNPs
chr22,rs2239815,rs5997408,0.767014188,0.446213902,non enhancer SNPs
chr22,rs2284063,rs6001020,1.272728551,0.736646678,non enhancer SNPs
chr22,rs2284063,rs6001026,0.557576318,0.111330545,non enhancer SNPs
chr22,rs2284063,rs6001027,0.457054661,0.287559505,non enhancer SNPs
chr22,rs2284063,rs6001029,0.763851395,0.179170068,non enhancer SNPs
chr22,rs2284063,rs6001031,1.067649097,0.024554715,non enhancer SNPs
chr22,rs9623117,rs6001728,0.905029853,0.114289093,non enhancer SNPs
chr22,rs9623117,rs6001734,0.707101947,0.067586167,non enhancer SNPs
chr22,rs9623117,rs6001743,1.064463879,0.024299612,non enhancer SNPs
chr22,rs9623117,rs6001749,1.026463373,0.342764093,non enhancer SNPs
chr22,rs9623117,rs6001762,1.187431047,0.26662628,non enhancer SNPs
chr22,rs9623117,rs6001773,0.975758556,1,non enhancer SNPs
chr22,rs4821941,rs6001832,0.711490614,0.326357533,non enhancer SNPs
chr22,rs4821941,rs6001848,1.283473264,0.093275472,non enhancer SNPs
chr22,rs4821941,rs6001864,0.90934242,0.640597916,non enhancer SNPs
chr22,rs4821941,rs6001872,1.077798666,0.530387975,non enhancer SNPs
chr22,rs4821941,rs6001877,0.844935897,0.291884181,non enhancer SNPs
chr22,rs6001930,rs6001910,0.935736867,0.93608885,non enhancer SNPs
chr22,rs6001930,rs6001911,0.841424223,0.100772682,non enhancer SNPs
chr22,rs6001930,rs6001912,0.71618937,0.806873431,non enhancer SNPs
chr22,rs6001930,rs6001913,1.112399039,0.29399085,non enhancer SNPs
chr22,rs6001930,rs6001915,0.762184001,0.54189345,non enhancer SNPs
chr22,rs6001930,rs6001930,1.290032408,0.88922524,non enhancer SNPs
chr22,rs6001930,rs6001931,0.736268894,0.182165145,non enhancer SNPs
chr22,rs6001930,rs6001932,0.836780268,1,non enhancer SNPs
chr22,rs6001930,rs6001935,1.355220216,0.761081962,non enhancer SNPs
chr22,rs6001930,rs6001946,1.076319824,0.01199911,non enhancer SNPs
chr22,rs6001930,rs6001950,1.150284476,0.721899148,non enhancer SNPs
chr22,rs6001930,rs6001954,0.800225271,0.510650925,non enhancer SNPs
chr22,rs6001930,rs6001974,1.256966751,0.755134791,non enhancer SNPs
chr22,rs6001930,rs6001980,1.016415162,0.723427806,non enhancer SNPs
chr22,rs6001930,rs6001981,0.953327325,0.762661975,non enhancer SNPs
chr22,rs6005451,rs6005451,0.600743342,0.846764795,non enhancer SNPs
chr22,rs2239815,rs6005881,1.084176173,0.531633564,non enhancer SNPs
chr22,rs2239815,rs6005915,0.745186081,0.982015051,non enhancer SNPs
chr22,rs11704416,rs6519216,0.909798187,1,non enhancer SNPs
chrX,rs5965182,rs6525078,0.733341636,0.639949281,non enhancer SNPs
chrX,rs5955543,rs6527814,0.783769025,0.001853723,non enhancer SNPs
chrX,rs2405942,rs6530331,0.817334363,0.103151271,non enhancer SNPs
chrX,rs2405942,rs6530332,1.013657132,1,non enhancer SNPs
chrX,rs2405942,rs6530333,0.900595082,0.610864021,non enhancer SNPs
chrX,rs5945572,rs6614428,1.084176173,0.031088704,non enhancer SNPs
chrX,rs5945572,rs6614429,0.955107581,1,non enhancer SNPs
chrX,rs5955543,rs6633014,0.934066712,0.959919094,non enhancer SNPs
chrX,rs5955543,rs7053589,1.079472589,0.205228717,non enhancer SNPs
chrX,rs5919432,rs7057791,1.237072813,0.092184632,non enhancer SNPs
chrX,rs5955543,rs7058900,1.093899726,0.184567485,non enhancer SNPs
chrX,rs5945572,rs7064708,1.280637627,0.353587926,non enhancer SNPs
chrX,rs7064929,rs7064929,1.12256005,0.059390573,non enhancer SNPs
chrX,rs5955543,rs7067100,0.725161695,1,non enhancer SNPs
chr22,rs877529,rs710190,0.934241174,0.046250906,non enhancer SNPs
chr22,rs877529,rs710191,0.908002533,0.022993471,non enhancer SNPs
chr22,rs9623117,rs713639,0.581118429,0.909667311,non enhancer SNPs
chr22,rs877529,rs713909,0.628475435,0.134909084,non enhancer SNPs
chr22,rs9623117,rs714020,0.975758556,1,non enhancer SNPs
chr21,rs727333,rs727333,1.123766876,0.44731751,non enhancer SNPs
chr22,rs2239815,rs7287124,0.62282461,0.244133529,non enhancer SNPs
chr22,rs2239815,rs7287806,0.904171804,0.297633238,non enhancer SNPs
chr22,rs9623117,rs7288667,1.287459205,0.5256917,non enhancer SNPs
chr22,rs11704416,rs7290587,1.184562856,0.535482631,non enhancer SNPs
chr22,rs9623117,rs7291691,0.846186281,0.114118314,non enhancer SNPs
chr22,rs9623117,rs7292602,0.980724248,0.526780733,non enhancer SNPs
chr21,rs372883,rs733610,1.061038267,0.011593444,non enhancer SNPs
chr21,rs2014300,rs737234,0.990072862,0.091979371,non enhancer SNPs
chr22,rs2284063,rs738321,0.86645454,0.292459741,non enhancer SNPs
chr22,rs738722,rs738722,1.0959778,0.372798299,non enhancer SNPs
chr22,rs4821941,rs739182,0.982192206,0.031690964,non enhancer SNPs
chr22,rs742134,rs742134,0.942684018,0.165489551,non enhancer SNPs
chr22,rs742134,rs742136,1.177964378,1,non enhancer SNPs
chrX,rs5965182,rs752131,0.857708371,1,non enhancer SNPs
chr22,rs742134,rs760699,0.844978036,0.389268806,non enhancer SNPs
chr21,rs2014300,rs762248,0.75063411,0.061901591,non enhancer SNPs
chrX,rs5955543,rs7876353,0.713152131,0.00046043,non enhancer SNPs
chrX,rs5919432,rs7881605,1.106763177,1,non enhancer SNPs
chrX,rs5919432,rs7885198,0.975758556,1,non enhancer SNPs
chrX,rs5965182,rs7888975,1.358288639,1,non enhancer SNPs
chrX,rs5955543,rs7890002,0.83450187,3.28E-06,non enhancer SNPs
chr22,rs877529,rs79503,0.684382488,0.16056049,non enhancer SNPs
chr21,rs2014300,rs8127202,1.156057786,0.252764557,non enhancer SNPs
chr21,rs2014300,rs8127225,1.140364968,0.507637098,non enhancer SNPs
chr21,rs2014300,rs8129389,1.163574485,0.010071425,non enhancer SNPs
chr21,rs2014300,rs8129743,0.952832094,0.18206905,non enhancer SNPs
chr21,rs2014300,rs8129846,0.942443543,0.078596769,non enhancer SNPs
chr21,rs2014300,rs8130985,1.167089936,0.456515266,non enhancer SNPs
chr21,rs2014300,rs8131269,1.177702258,0.497991657,non enhancer SNPs
chr21,rs2014300,rs8134978,1.148011807,0.29018255,non enhancer SNPs
chr22,rs36600,rs8136147,0.992479681,0.949273263,non enhancer SNPs
chr22,rs2239815,rs8137969,0.962116604,0.068661411,non enhancer SNPs
chrX,rs872690,rs872690,1.461240316,0.746542306,non enhancer SNPs
chr22,rs742134,rs872842,0.629200015,1,non enhancer SNPs
chr22,rs877529,rs877529,1.2641608,0.027894782,non enhancer SNPs
chr22,rs5768709,rs916283,0.892014121,0.6506552,non enhancer SNPs
chr21,rs2823093,rs926164,0.893238264,0.000378332,non enhancer SNPs
chrX,rs5919432,rs945050,1.157829446,0.539562263,non enhancer SNPs
chr22,rs9623117,rs9607685,0.653774577,0.196420705,non enhancer SNPs
chr22,rs738722,rs9608698,1.008586201,3.97E-05,non enhancer SNPs
chr22,rs9623117,rs9611257,0.982534657,0.221317617,non enhancer SNPs
chr22,rs9623117,rs9611267,0.823973891,1,non enhancer SNPs
chr22,rs742134,rs9612011,0.721455468,0.242690644,non enhancer SNPs
chr22,rs2284063,rs9622726,1.214643388,0.400481437,non enhancer SNPs
chr22,rs2284063,rs9622746,0.975337244,0.780813616,non enhancer SNPs
chr22,rs9623117,rs9623117,1.26044535,0.858633798,non enhancer SNPs
chr21,rs2838088,rs9647274,1.047053372,0.074058358,non enhancer SNPs
chr21,rs2838088,rs9647275,0.981289808,6.23E-06,non enhancer SNPs
chr22,rs5751168,rs965764,1.028835394,0.097943185,non enhancer SNPs
chrX,rs5955543,rs978158,1.236125106,0.193577072,non enhancer SNPs
chr21,rs2838088,rs9974587,0.898466167,0.362934122,non enhancer SNPs
chr21,rs2014300,rs9977678,0.79047314,0.002958024,non enhancer SNPs
chr21,rs9981861,rs9981861,1.11424445,0.058745374,non enhancer SNPs
chrX,rs5965182,rs10218002,1.734681877,1,enhancer SNPs
chrX,rs7064929,rs12008701,3.252528519,1,enhancer SNPs
chr22,rs36600,rs131278,1.536974494,0.119284825,enhancer SNPs
chr22,rs877529,rs139419,1.740388067,1,enhancer SNPs
chrX,rs5919432,rs1415271,1.897308303,1,enhancer SNPs
chrX,rs5945572,rs1541238,5.962968951,1,enhancer SNPs
chrX,rs5919432,rs1931542,7.047145124,1,enhancer SNPs
chrX,rs5919432,rs1931545,1.600163722,1,enhancer SNPs
chr22,rs36600,rs2051764,2.602022815,0.172413793,enhancer SNPs
chrX,rs5945572,rs2153993,2.81885805,1,enhancer SNPs
chr22,rs2239815,rs2347447,2.294470799,0.18966731,enhancer SNPs
chr22,rs36600,rs2412963,3.150027091,0.680236217,enhancer SNPs
chrX,rs5919432,rs2781516,1.662403465,1,enhancer SNPs
chr21,rs2839186,rs2839167,1.663482247,0.337228801,enhancer SNPs
chr22,rs36600,rs36590,2.069790876,0.685907418,enhancer SNPs
chr22,rs36600,rs36600,1.761786281,0.124513811,enhancer SNPs
chr22,rs36600,rs3887275,1.552439034,0.231248838,enhancer SNPs
chr21,rs455804,rs396331,1.897308303,1,enhancer SNPs
chr22,rs5751168,rs403517,1.620843379,0.161864054,enhancer SNPs
chr21,rs458685,rs414828,2.963414873,0.065621808,enhancer SNPs
chr21,rs441810,rs441810,2.333175179,0.867071082,enhancer SNPs
chrX,rs5945572,rs4457126,1.796241032,1,enhancer SNPs
chr21,rs458685,rs459969,1.734681877,1,enhancer SNPs
chr22,rs5751168,rs4820449,1.540138115,0.165131798,enhancer SNPs
chr22,rs2284063,rs4821740,1.74160215,0.553698123,enhancer SNPs
chr22,rs4821941,rs4821943,1.581090252,0.472467965,enhancer SNPs
chr22,rs4407,rs4823326,1.548823104,0.474577416,enhancer SNPs
chr22,rs4407,rs4823327,1.667963343,0.475062386,enhancer SNPs
chrX,rs5919432,rs5019585,2.349048375,1,enhancer SNPs
chr22,rs5751168,rs5758484,1.916668592,0.39863487,enhancer SNPs
chr22,rs4407,rs5764873,6.685753067,1,enhancer SNPs
chrX,rs5919432,rs5918782,2.123178339,1,enhancer SNPs
chrX,rs5919432,rs5918791,2.059934729,1,enhancer SNPs
chrX,rs5919432,rs5919438,2.288816365,1,enhancer SNPs
chrX,rs2405942,rs5933763,1.612912336,0.344341521,enhancer SNPs
chrX,rs5945572,rs5945609,1.590522188,1,enhancer SNPs
chrX,rs5955543,rs5955543,1.612996369,0.082489827,enhancer SNPs
chrX,rs7064929,rs5964897,3.523572562,1,enhancer SNPs
chr22,rs9623117,rs6001741,1.753316155,1,enhancer SNPs
chr22,rs4821941,rs6001862,1.516083754,0.36133641,enhancer SNPs
chrX,rs7064929,rs6524979,2.520709602,1,enhancer SNPs
chrX,rs5945572,rs6614317,1.701904458,0.724825931,enhancer SNPs
chrX,rs5945572,rs6614426,11.38384982,1,enhancer SNPs
chrX,rs5919432,rs6625208,1.55727123,1,enhancer SNPs
chrX,rs7064929,rs7054645,4.336704692,1,enhancer SNPs
chrX,rs7064929,rs7060598,1.987656317,1,enhancer SNPs
chr22,rs9623117,rs7290298,1.897308303,0.115903348,enhancer SNPs
chr22,rs36600,rs737904,1.753135939,0.834687195,enhancer SNPs
chr22,rs36600,rs737909,1.752557183,0.848777379,enhancer SNPs
chr22,rs2239815,rs763073,1.608362959,0.859557732,enhancer SNPs
chrX,rs5919432,rs7887732,1.553328771,1,enhancer SNPs
chrX,rs5965182,rs7890471,1.577561033,1,enhancer SNPs
chr22,rs9623117,rs9611261,1.707577472,0.240963855,enhancer SNPs
chr21,rs441810,rs2838009,1.613378559,0.013334441,imbalanced enhancer SNPs
chr22,rs36600,rs3788423,2.498319007,0.031378214,imbalanced enhancer SNPs
chr21,rs455804,rs455804,1.541745149,0.041641802,imbalanced enhancer SNPs
chr21,rs455804,rs461119,1.775977069,0.001735986,imbalanced enhancer SNPs
chr22,rs5759167,rs5759167,1.513755411,0.025716546,imbalanced enhancer SNPs
chrX,rs5955543,rs6527815,2.081618252,0.003373568,imbalanced enhancer SNPs
chr22,rs36600,rs9625874,2.303874368,0.001200074,imbalanced enhancer SNPs
chr22,rs139371,rs139367,0,1,non enhancer SNPs
chr22,rs139371,rs139368,0,1,non enhancer SNPs
chrX,rs5965182,rs1415297,0,1,non enhancer SNPs
chr22,rs6001930,rs17001993,0,1,non enhancer SNPs
chr22,rs36600,rs5763640,0,1,non enhancer SNPs
chrX,rs5919432,rs5919466,0,1,non enhancer SNPs
chrX,rs5925696,rs5925696,0,1,non enhancer SNPs
chrX,rs5944185,rs5944185,0,1,non enhancer SNPs
chrX,rs5945572,rs5945575,0,1,non enhancer SNPs
chrX,rs5919432,rs5965465,0,1,non enhancer SNPs
chrX,rs5945572,rs5987418,0,1,non enhancer SNPs
chrX,rs5945572,rs5987438,0,1,non enhancer SNPs
