chr,TAG_SNP,LD_SNP,SNP activity,pvalue,Color
chr18,rs11661542,rs10048248,0.750583504,0.137748586,non enhancer SNPs
chr17,rs2840044,rs10068,0.798866654,0.637608275,non enhancer SNPs
chr20,rs2284378,rs1007090,0.947790954,0.388545918,non enhancer SNPs
chr17,rs8067378,rs1008723,1.052855528,0.682658114,non enhancer SNPs
chr18,rs11661542,rs1013483,1.147419783,0.039539573,non enhancer SNPs
chr19,rs4808801,rs10164319,0.739211027,0.141173858,non enhancer SNPs
chr19,rs2241714,rs1025497,0.661083032,0.038884228,non enhancer SNPs
chr19,rs103294,rs103294,0.84966324,0.006023904,non enhancer SNPs
chr19,rs10411161,rs10402727,1.20299,1,non enhancer SNPs
chr19,rs4808801,rs10405636,1.016781438,0.09926057,non enhancer SNPs
chr19,rs4808801,rs10408290,0.662925059,0.083044494,non enhancer SNPs
chr19,rs10411161,rs10411161,0.790070924,1,non enhancer SNPs
chr19,rs10411161,rs10414104,1.317770902,0.711817984,non enhancer SNPs
chr19,rs10411210,rs10418246,1.208706014,0.485132103,non enhancer SNPs
chr19,rs10419226,rs10419226,0.765272954,0.507829057,non enhancer SNPs
chr19,rs3760982,rs10421887,0.947175729,0.062198603,non enhancer SNPs
chr19,rs10411210,rs10424333,0.255100276,1,non enhancer SNPs
chr19,rs4808801,rs10425982,1.061613909,0.929974604,non enhancer SNPs
chr19,rs4808801,rs10427083,0.832650677,1,non enhancer SNPs
chr19,rs10411210,rs10427139,0.769106614,0.028926485,non enhancer SNPs
chr19,rs4808801,rs1043327,0.83970977,0.024594993,non enhancer SNPs
chr19,rs4808801,rs10442,0.890027925,0.158791929,non enhancer SNPs
chr17,rs8067378,rs10445308,0.854031359,0.535816144,non enhancer SNPs
chr17,rs7216064,rs10445361,0.74360344,0.261435208,non enhancer SNPs
chr19,rs2241714,rs1046909,0.778430989,0.580427685,non enhancer SNPs
chr19,rs1047781,rs1047781,0.948828389,0.633688261,non enhancer SNPs
chr20,rs2423279,rs10485717,0.433670469,0.477124183,non enhancer SNPs
chr18,rs1050631,rs1050631,1.201024628,0.010860161,non enhancer SNPs
chr17,rs8067378,rs1054609,0.677610108,1,non enhancer SNPs
chr19,rs2735839,rs1058205,1.359926969,0.027815615,non enhancer SNPs
chr20,rs6089829,rs1060489,0.891125778,0.096437181,non enhancer SNPs
chr17,rs8067378,rs10852936,0.433670469,0.166666667,non enhancer SNPs
chr17,rs10853029,rs10853029,1.19259379,0.763926886,non enhancer SNPs
chr17,rs4795519,rs10853131,0.838381215,0.02722698,non enhancer SNPs
chr18,rs11661542,rs10853448,1.084176173,1,non enhancer SNPs
chr18,rs11661542,rs10853450,0.860963431,0.633906571,non enhancer SNPs
chr18,rs7238033,rs10853535,1.065222044,0.603682565,non enhancer SNPs
chr20,rs2423279,rs10854268,0.688718471,0.082528442,non enhancer SNPs
chr18,rs1050631,rs1107840,1.105296488,0.716640308,non enhancer SNPs
chr17,rs3785982,rs11078792,1.040061967,0.024534561,non enhancer SNPs
chr17,rs8067378,rs11078925,1.047424438,0.682930355,non enhancer SNPs
chr17,rs8067378,rs11078926,0.953400059,0.335453006,non enhancer SNPs
chr17,rs8067378,rs11078927,0.82845201,0.530634086,non enhancer SNPs
chr17,rs2302777,rs11078930,1.139264043,0.684497149,non enhancer SNPs
chr17,rs6504950,rs11079143,1.000778006,0.03753486,non enhancer SNPs
chr17,rs4795519,rs11080048,1.469515897,0.926546062,non enhancer SNPs
chr17,rs4795519,rs11080053,0.542088086,0.1,non enhancer SNPs
chr17,rs4795519,rs11080056,0.721326889,0.811595124,non enhancer SNPs
chr18,rs11080466,rs11080466,1.023303056,0.005956835,non enhancer SNPs
chr18,rs6507016,rs11081801,0.542088086,0.7042511,non enhancer SNPs
chr18,rs1050631,rs11081934,1.147951242,1,non enhancer SNPs
chr18,rs11661542,rs11081999,1.064327545,0.383939689,non enhancer SNPs
chr18,rs11661542,rs11082010,0.767958123,0.62207907,non enhancer SNPs
chr18,rs11661542,rs11082043,0.792620689,0.768160603,non enhancer SNPs
chr18,rs11661542,rs11082051,1.078644662,0.604132207,non enhancer SNPs
chr18,rs11661542,rs11082086,1.343300497,0.052058516,non enhancer SNPs
chr18,rs7238033,rs11082466,1.042477089,0.73213188,non enhancer SNPs
chr18,rs7504990,rs11082960,0.627680942,0.00231876,non enhancer SNPs
chr19,rs2241714,rs11083616,0.481201381,0.841875892,non enhancer SNPs
chr19,rs11083846,rs11083846,1.078246804,0.132474385,non enhancer SNPs
chr17,rs4430796,rs11263763,0.6076686,0.089695072,non enhancer SNPs
chr20,rs6010620,rs1151624,1.014635372,0.175757735,non enhancer SNPs
chr18,rs1436904,rs1154205,1.077615349,0.001310146,non enhancer SNPs
chr18,rs1436904,rs1154208,1.048036967,1,non enhancer SNPs
chr17,rs8067378,rs11557466,0.374838501,0.166605213,non enhancer SNPs
chr17,rs8067378,rs11557467,1.355220216,1,non enhancer SNPs
chr17,rs11650494,rs11650087,0.872054748,0.384140969,non enhancer SNPs
chr17,rs11650494,rs11650494,1.462466602,1,non enhancer SNPs
chr17,rs11650494,rs11650886,0.817521507,1,non enhancer SNPs
chr17,rs4795519,rs11650889,0.68328506,1.94E-06,non enhancer SNPs
chr17,rs4430796,rs11651755,0.971005382,0.011500018,non enhancer SNPs
chr17,rs4795519,rs11652017,0.683835501,0.035023005,non enhancer SNPs
chr17,rs4795519,rs11653183,0.912990461,0.139983745,non enhancer SNPs
chr17,rs2840044,rs11653310,0.98574074,0.056338072,non enhancer SNPs
chr17,rs4795519,rs11653494,0.926286439,0.60424118,non enhancer SNPs
chr17,rs4795519,rs11654544,1.084176173,0.288987764,non enhancer SNPs
chr17,rs11654964,rs11654964,0.907041754,0.712252171,non enhancer SNPs
chr17,rs11650494,rs11656535,0.573975621,0.486419753,non enhancer SNPs
chr17,rs4795519,rs11657456,1.13580361,0.425919066,non enhancer SNPs
chr17,rs7501939,rs11658063,0.713589406,0.702330862,non enhancer SNPs
chr17,rs4795519,rs11658274,1.372706929,0.254935985,non enhancer SNPs
chr17,rs4795519,rs11658450,0.719426715,8.94E-06,non enhancer SNPs
chr18,rs11080466,rs11659686,0.725276474,0.520455248,non enhancer SNPs
chr18,rs11661542,rs11660192,1.106857683,0.203682291,non enhancer SNPs
chr18,rs11661542,rs11660602,0.784116971,0.093029425,non enhancer SNPs
chr18,rs11661542,rs11661175,0.878142694,0.00630401,non enhancer SNPs
chr18,rs11661542,rs11661377,0.869061853,0.028296643,non enhancer SNPs
chr18,rs11661542,rs11661464,0.81313213,0.135580305,non enhancer SNPs
chr18,rs11661542,rs11661542,0.93961935,1,non enhancer SNPs
chr18,rs11661542,rs11662668,0.811182173,0.55357628,non enhancer SNPs
chr18,rs11080466,rs11663246,0.761387358,0.017504051,non enhancer SNPs
chr18,rs11661542,rs11664030,1.078499858,0.507348795,non enhancer SNPs
chr19,rs3760982,rs11665924,1.16494366,0.103141505,non enhancer SNPs
chr19,rs2241714,rs11666933,0.642194946,0.659062112,non enhancer SNPs
chr19,rs8102476,rs11668070,0.897249247,0.76689371,non enhancer SNPs
chr19,rs2363956,rs11668840,0.711862927,0.27145912,non enhancer SNPs
chr19,rs11083846,rs11668987,1.112782091,0.170417884,non enhancer SNPs
chr19,rs11083846,rs11670473,0.742081749,0.511221416,non enhancer SNPs
chr19,rs11671104,rs11671104,1.181118933,0.483955498,non enhancer SNPs
chr19,rs11672691,rs11672691,1.385267384,0.573281362,non enhancer SNPs
chr19,rs4808801,rs11673604,0.983322575,0.538610843,non enhancer SNPs
chr18,rs1436904,rs1175739,1.148491709,0.632628425,non enhancer SNPs
chr18,rs1436904,rs1175744,0.781857817,0.594498718,non enhancer SNPs
chr18,rs1436904,rs1175745,1.064884782,0.083118756,non enhancer SNPs
chr18,rs1436904,rs1182168,0.659009046,0.439242009,non enhancer SNPs
chr18,rs1436904,rs1184360,0.867738073,0.112738751,non enhancer SNPs
chr18,rs1436904,rs1185007,0.889024462,0.101160969,non enhancer SNPs
chr18,rs1436904,rs1185795,1.008015037,0.735595542,non enhancer SNPs
chr17,rs7216064,rs11867618,0.739563032,0.494405435,non enhancer SNPs
chr17,rs8067378,rs11870965,1.016415162,0.333333333,non enhancer SNPs
chr17,rs4795519,rs11871551,1.04543862,0.380906352,non enhancer SNPs
chr18,rs1050631,rs11873168,1.219698195,0.00049964,non enhancer SNPs
chr18,rs17674580,rs11874337,1.12091108,0.270725712,non enhancer SNPs
chr18,rs4939827,rs11874392,0.862635479,0.0256665,non enhancer SNPs
chr18,rs8088832,rs11876001,0.565657134,0.530192574,non enhancer SNPs
chr18,rs8088832,rs11877750,1.39548803,0.044750378,non enhancer SNPs
chr17,rs8067378,rs12232497,1.128818721,0.221563927,non enhancer SNPs
chr19,rs2191566,rs12232810,1.16757434,0.40246109,non enhancer SNPs
chr17,rs2302777,rs12309,0.696047185,1,non enhancer SNPs
chr18,rs11661542,rs12326842,0.56377161,0.126331837,non enhancer SNPs
chr17,rs684232,rs1237094,0.542088086,0.009724992,non enhancer SNPs
chr17,rs7216064,rs12449442,1.103196808,0.304329664,non enhancer SNPs
chr17,rs6504950,rs12449538,1.146724798,0.612835597,non enhancer SNPs
chr17,rs2084881,rs12449653,0.619529242,1,non enhancer SNPs
chr17,rs17761864,rs12450028,1.244471037,1,non enhancer SNPs
chr17,rs2084881,rs12450081,0.798866654,0.001981889,non enhancer SNPs
chr17,rs7216064,rs12450907,0.859001122,0.404107152,non enhancer SNPs
chr17,rs7216064,rs12451511,0.951613147,0.112027767,non enhancer SNPs
chr17,rs7216064,rs12451707,1.078050884,0.092999707,non enhancer SNPs
chr17,rs2302777,rs12451897,0.838345529,0.486885829,non enhancer SNPs
chr17,rs4795519,rs12451926,1.254366619,0.521153374,non enhancer SNPs
chr17,rs2084881,rs12452212,0.804388774,0.394736842,non enhancer SNPs
chr17,rs7216064,rs12452511,0.486010009,1,non enhancer SNPs
chr17,rs2302777,rs12453334,1.345917003,0.425362513,non enhancer SNPs
chr18,rs11661542,rs12454201,1.029967364,0.879110822,non enhancer SNPs
chr18,rs11080466,rs12455026,0.937144062,0.20624509,non enhancer SNPs
chr18,rs11080466,rs12455464,1.288737715,1,non enhancer SNPs
chr18,rs12456874,rs12456874,0.827157273,0.216056379,non enhancer SNPs
chr19,rs10411210,rs12460349,1.226804218,0.340577622,non enhancer SNPs
chr19,rs10411210,rs12463355,0.733041968,0.008670254,non enhancer SNPs
chr20,rs2284378,rs12480839,0.643729603,1,non enhancer SNPs
chr17,rs7216064,rs12602655,0.464646931,0.102564103,non enhancer SNPs
chr17,rs7216064,rs12602912,0.54632315,0.797255414,non enhancer SNPs
chr17,rs8067378,rs12603332,1.079656418,0.050989747,non enhancer SNPs
chr17,rs12603526,rs12603526,1.133896354,8.85E-05,non enhancer SNPs
chr19,rs8102476,rs12610267,0.907015249,0.015733528,non enhancer SNPs
chr20,rs2423279,rs12710331,1.312767535,0.228364963,non enhancer SNPs
chr17,rs8067378,rs12936231,0.982534657,0.003843389,non enhancer SNPs
chr17,rs4924935,rs12936834,0.885598766,0.475290378,non enhancer SNPs
chr17,rs4795519,rs12940035,0.180696029,1,non enhancer SNPs
chr17,rs4795519,rs12941978,0.135522022,0.4,non enhancer SNPs
chr17,rs2084881,rs12944592,0.948654151,1,non enhancer SNPs
chr17,rs2840044,rs12944858,0.735994627,0.707186244,non enhancer SNPs
chr17,rs4795519,rs12945547,1.27550138,0.013340955,non enhancer SNPs
chr17,rs8067378,rs12946510,1.179537596,0.06627621,non enhancer SNPs
chr17,rs2084881,rs12946636,1.318090895,0.474917854,non enhancer SNPs
chr17,rs2084881,rs12948017,0.888772328,0.711599885,non enhancer SNPs
chr17,rs4795519,rs12950376,1.051994895,0.936232533,non enhancer SNPs
chr17,rs8067378,rs12950743,0.983855503,0.579436283,non enhancer SNPs
chr18,rs11661542,rs12953657,1.039892921,0.037846302,non enhancer SNPs
chr18,rs8088832,rs12954035,0.837772497,0.440950202,non enhancer SNPs
chr18,rs7504990,rs12955701,1.033035787,0.817874421,non enhancer SNPs
chr18,rs6507016,rs12956658,0.923557481,0.142286077,non enhancer SNPs
chr18,rs11661542,rs12958098,0.81313213,1,non enhancer SNPs
chr18,rs11661542,rs12959243,1.020588128,0.890699106,non enhancer SNPs
chr18,rs11661542,rs12962224,1.496708616,0.013214287,non enhancer SNPs
chr18,rs2847281,rs12971201,1.35840897,0.029417521,non enhancer SNPs
chr19,rs8102476,rs12976534,0.810744076,0.241562621,non enhancer SNPs
chr19,rs8170,rs12982178,0.555510985,1,non enhancer SNPs
chr20,rs6117615,rs13042395,0.865909683,0.373367215,non enhancer SNPs
chr20,rs2427308,rs13043313,0.764499825,0.576132267,non enhancer SNPs
chr20,rs961253,rs13045451,0.607138657,0.077403833,non enhancer SNPs
chr19,rs13181,rs13181,0.893070066,0.590042736,non enhancer SNPs
chr20,rs2284378,rs1319363,0.558373995,0.127084404,non enhancer SNPs
chr19,rs13343954,rs13343954,0.338805054,1,non enhancer SNPs
chr17,rs7210100,rs13380848,1.000671304,0.756679305,non enhancer SNPs
chr18,rs11661542,rs13381475,1.292250388,0.900908822,non enhancer SNPs
chr17,rs4795519,rs1402724,0.759012775,0.069555421,non enhancer SNPs
chr17,rs4795519,rs1402726,1.214501185,0.777459814,non enhancer SNPs
chr18,rs1436904,rs1436904,1.198160465,0.46456553,non enhancer SNPs
chr18,rs1436904,rs151252,1.091308911,0.129456506,non enhancer SNPs
chr17,rs4795519,rs1521560,0.971792057,0.405714788,non enhancer SNPs
chr17,rs4795519,rs1521563,1.052598226,0.803523833,non enhancer SNPs
chr18,rs11661542,rs1521919,0.822957776,0.026956294,non enhancer SNPs
chr18,rs11661542,rs1530716,0.872629603,0.222463269,non enhancer SNPs
chr18,rs1050631,rs1539822,0.990125371,0.294814846,non enhancer SNPs
chr18,rs11661542,rs1546724,1.080513416,0.662912012,non enhancer SNPs
chr17,rs2084881,rs1553749,1.142016837,0.075302924,non enhancer SNPs
chr17,rs2084881,rs1553752,0.542088086,1,non enhancer SNPs
chr17,rs2084881,rs1553753,0.542088086,1,non enhancer SNPs
chr20,rs2284378,rs1555075,0.997807874,0.662139097,non enhancer SNPs
chr17,rs17761864,rs1555569,1.269320104,1,non enhancer SNPs
chr19,rs4808801,rs1560118,0.770270076,0.003890066,non enhancer SNPs
chr19,rs4808801,rs1560119,0.940899485,0.000473735,non enhancer SNPs
chr20,rs2427308,rs1570027,0.760462251,0.916676312,non enhancer SNPs
chr17,rs4795519,rs1589464,1.036624586,0.590255562,non enhancer SNPs
chr18,rs1436904,rs163042,0.988944482,0.176342815,non enhancer SNPs
chr18,rs1436904,rs163048,1.47640373,0.960031582,non enhancer SNPs
chr18,rs1436904,rs163051,1.325104211,0.909916941,non enhancer SNPs
chr18,rs1436904,rs1657328,1.038348927,0.614662658,non enhancer SNPs
chr18,rs527616,rs1667550,1.198616991,0.229054635,non enhancer SNPs
chr18,rs1436904,rs1683440,0.991743595,0.142774882,non enhancer SNPs
chr18,rs12456874,rs16940349,1.145666762,5.65E-05,non enhancer SNPs
chr18,rs16951095,rs16951095,0.560780779,0.670820301,non enhancer SNPs
chr17,rs4795519,rs16964439,1.23402166,0.665460153,non enhancer SNPs
chr17,rs11654964,rs16970162,0.790185565,0.34453178,non enhancer SNPs
chr17,rs4795519,rs16972661,0.956860072,0.009695495,non enhancer SNPs
chr17,rs4795519,rs16972674,1.080372046,0.113643736,non enhancer SNPs
chr20,rs2423279,rs16994049,0.778477332,0.447239536,non enhancer SNPs
chr17,rs9905704,rs170024,0.696970397,1,non enhancer SNPs
chr18,rs8099213,rs17077038,0.542088086,1,non enhancer SNPs
chr18,rs1978503,rs17090021,0.623089755,1,non enhancer SNPs
chr18,rs17674580,rs17142,0.854674786,0.783600248,non enhancer SNPs
chr19,rs17271883,rs17271883,0.436027374,0.088520441,non enhancer SNPs
chr20,rs910873,rs17305573,0,1,non enhancer SNPs
chr17,rs4924935,rs1737947,0.518519039,0.722238011,non enhancer SNPs
chr17,rs684232,rs1741275,0.869154827,0.01893934,non enhancer SNPs
chr19,rs8102137,rs17513613,0.756600959,0.378391052,non enhancer SNPs
chr19,rs8102137,rs17513752,0.702870675,0.562715681,non enhancer SNPs
chr19,rs17632542,rs17632542,0.867771991,0.695952519,non enhancer SNPs
chr18,rs17674580,rs17674580,1.362119519,0.693824661,non enhancer SNPs
chr18,rs4987855,rs17676919,0.727584754,0.309060014,non enhancer SNPs
chr18,rs4987855,rs17676949,0.81362764,1,non enhancer SNPs
chr17,rs2084881,rs17694895,1.002041614,0.269763006,non enhancer SNPs
chr18,rs998124,rs17737195,1.154054715,0.455643133,non enhancer SNPs
chr17,rs6504950,rs17745344,0.993828159,0.352941176,non enhancer SNPs
chr18,rs4987855,rs17749561,1.12935018,1,non enhancer SNPs
chr17,rs17761864,rs17761864,0.721724315,0.046014788,non enhancer SNPs
chr17,rs1859962,rs17765344,0.605121585,0.770992399,non enhancer SNPs
chr19,rs10411161,rs17778649,1.258418772,8.26E-05,non enhancer SNPs
chr17,rs17761864,rs17834627,0.55229865,0.946352879,non enhancer SNPs
chr18,rs1436904,rs1785519,0.9116936,0.269677029,non enhancer SNPs
chr18,rs1436904,rs1785536,1.404723739,0.206874076,non enhancer SNPs
chr18,rs1436904,rs1785550,0.814692844,0.249872671,non enhancer SNPs
chr18,rs1050631,rs1785914,1.318411766,0.034483645,non enhancer SNPs
chr18,rs1050631,rs1785916,0.762598495,0.039876729,non enhancer SNPs
chr18,rs1050631,rs1785919,0.923492082,0.016242199,non enhancer SNPs
chr18,rs1436904,rs1786612,0.725976625,0.101640744,non enhancer SNPs
chr18,rs1436904,rs1786626,0.94286067,0.766951741,non enhancer SNPs
chr18,rs1436904,rs1786635,0.773184276,0.413823803,non enhancer SNPs
chr18,rs1436904,rs1786636,0.939199127,0.426395595,non enhancer SNPs
chr18,rs1050631,rs1789503,1.166035112,0.010351898,non enhancer SNPs
chr18,rs1050631,rs1789504,1.273785459,0.129948626,non enhancer SNPs
chr18,rs1050631,rs1789512,0.846631955,0.095186524,non enhancer SNPs
chr18,rs1050631,rs1789514,1.22909081,0.451822862,non enhancer SNPs
chr18,rs1050631,rs1789550,0.542088086,1,non enhancer SNPs
chr18,rs11661542,rs1791737,1.182767821,0.065632577,non enhancer SNPs
chr19,rs2241714,rs1800469,0.855780882,0.82543389,non enhancer SNPs
chr17,rs4795519,rs1824900,1.05921159,0.227737852,non enhancer SNPs
chr17,rs4795519,rs1824901,1.061744942,0.125080462,non enhancer SNPs
chr17,rs4795519,rs1829662,0.933932909,0.775283599,non enhancer SNPs
chr17,rs4795519,rs1829663,0.907651741,0.210715346,non enhancer SNPs
chr17,rs684232,rs1833459,0.758923321,0.11373868,non enhancer SNPs
chr17,rs4795519,rs1851271,0.271044043,1,non enhancer SNPs
chr17,rs1859962,rs1859962,0.750583504,0.04997224,non enhancer SNPs
chr17,rs9905704,rs186221,1.002136949,1,non enhancer SNPs
chr18,rs12456874,rs1869497,0.733609223,0.237896402,non enhancer SNPs
chr18,rs1879352,rs1879352,1.056349341,0.323939358,non enhancer SNPs
chr18,rs11661542,rs1879713,0.609849097,1,non enhancer SNPs
chr20,rs2284378,rs1883524,0.851025197,0.273246793,non enhancer SNPs
chr20,rs2423279,rs1883538,1.318259665,0.010264679,non enhancer SNPs
chr20,rs2208059,rs1884604,1.246802599,1,non enhancer SNPs
chr20,rs2208059,rs1884605,1.246802599,1,non enhancer SNPs
chr20,rs2208059,rs1884606,1.151937184,0.024901331,non enhancer SNPs
chr17,rs9905704,rs188586,0.650505704,1,non enhancer SNPs
chr17,rs17761864,rs1885986,0.659866602,0.178171554,non enhancer SNPs
chr18,rs12456874,rs1893980,0.830307198,0.378804289,non enhancer SNPs
chr20,rs961253,rs189583,1.248063269,0.027633104,non enhancer SNPs
chr17,rs2084881,rs1912154,0.761293105,0.04264006,non enhancer SNPs
chr18,rs998124,rs1942574,1.079202888,0.112500739,non enhancer SNPs
chr18,rs17674580,rs1944336,0.832815264,0.094768365,non enhancer SNPs
chr18,rs11080466,rs196956,0.931713899,0.575167478,non enhancer SNPs
chr17,rs4795519,rs1975980,1.224592514,0.068240894,non enhancer SNPs
chr17,rs7216064,rs1976053,0.870194034,0.558624756,non enhancer SNPs
chr18,rs1978503,rs1978503,1.187996053,0.004097355,non enhancer SNPs
chr19,rs2241714,rs1982072,0.669010242,0.015750542,non enhancer SNPs
chr17,rs6504950,rs1990674,1.181105831,0.034150675,non enhancer SNPs
chr19,rs2191566,rs1996408,1.076764812,0.000104019,non enhancer SNPs
chr17,rs684232,rs2002015,1.18330883,0.406296646,non enhancer SNPs
chr17,rs4430796,rs2005705,0.975859786,0.147829969,non enhancer SNPs
chr17,rs4795519,rs2013148,0.93961935,0.306111739,non enhancer SNPs
chr17,rs9905704,rs2013182,0.978073523,1,non enhancer SNPs
chr18,rs2032224,rs2032224,0.855961465,0.946703855,non enhancer SNPs
chr20,rs2423279,rs2049943,1.185817689,0.764483512,non enhancer SNPs
chr17,rs9303196,rs2051672,1.023159149,0.045801833,non enhancer SNPs
chr17,rs4795519,rs2061900,0,1,non enhancer SNPs
chr17,rs2075555,rs2075555,0.365462151,0.015139935,non enhancer SNPs
chr17,rs2084881,rs2084881,0.921945432,0.029107828,non enhancer SNPs
chr18,rs12456874,rs2085050,0.909474799,0.186138676,non enhancer SNPs
chr17,rs4795519,rs2086266,0.918851571,0.217176902,non enhancer SNPs
chr20,rs2208059,rs2093004,1.076165019,0.713007816,non enhancer SNPs
chr17,rs4795519,rs2127283,1.320521709,0.670725911,non enhancer SNPs
chr17,rs7216064,rs2128792,0.788002218,0.879278738,non enhancer SNPs
chr17,rs4795519,rs2139942,0.451740072,0.060606061,non enhancer SNPs
chr20,rs2423279,rs2143248,1.392180768,0.285178802,non enhancer SNPs
chr20,rs2208059,rs2144883,0.960453617,0.52058722,non enhancer SNPs
chr20,rs4925386,rs2151512,1.056163383,0.001529213,non enhancer SNPs
chr19,rs265548,rs2161488,0.818301907,0.556423963,non enhancer SNPs
chr18,rs1436904,rs2164619,1.247737234,0.147095947,non enhancer SNPs
chr17,rs4795519,rs2169956,0.981464746,1,non enhancer SNPs
chr17,rs4795519,rs2169957,1.194358518,0.829401284,non enhancer SNPs
chr17,rs2084881,rs2175158,1.187104291,1,non enhancer SNPs
chr20,rs2208059,rs2180442,0.676514981,0.079519566,non enhancer SNPs
chr18,rs12456874,rs2187502,0.654032727,0.119533314,non enhancer SNPs
chr17,rs11654964,rs2190982,0.837510366,0.307095273,non enhancer SNPs
chr19,rs11672691,rs2191139,0.910880664,0.959160555,non enhancer SNPs
chr19,rs2191566,rs2191566,1.484184721,1,non enhancer SNPs
chr20,rs2423279,rs2205827,1.179838776,1.37E-05,non enhancer SNPs
chr20,rs2284378,rs2206448,0.929293863,1,non enhancer SNPs
chr20,rs2423279,rs2206461,0.728178027,0.746156879,non enhancer SNPs
chr20,rs2423279,rs2206462,0.74343509,0.266552843,non enhancer SNPs
chr20,rs2208059,rs2208059,0.979835136,0.047572994,non enhancer SNPs
chr20,rs961253,rs2209763,1.176005302,0.097145457,non enhancer SNPs
chr17,rs2302777,rs2227319,0.83673428,0.816019096,non enhancer SNPs
chr17,rs2302777,rs2227321,0.914250106,0.579324921,non enhancer SNPs
chr20,rs2284378,rs2235596,0.815001399,0.0138303,non enhancer SNPs
chr20,rs6010620,rs2236507,0.754347926,0.065109257,non enhancer SNPs
chr18,rs1050631,rs2236718,1.414142834,0.17915612,non enhancer SNPs
chr19,rs2241714,rs2241713,1.148942835,0.310275036,non enhancer SNPs
chr19,rs2241714,rs2241714,0.989973781,0.289691214,non enhancer SNPs
chr19,rs2241714,rs2241715,0.494898049,0.741429251,non enhancer SNPs
chr17,rs225190,rs225188,1.070095963,0.134514546,non enhancer SNPs
chr17,rs225190,rs225189,1.084176173,1,non enhancer SNPs
chr17,rs225190,rs225190,1.20658316,0.182118696,non enhancer SNPs
chr17,rs225190,rs225199,0.833981672,1,non enhancer SNPs
chr17,rs2840044,rs225251,0.933596149,0.607461921,non enhancer SNPs
chr17,rs2840044,rs225254,1.208674872,0.000665546,non enhancer SNPs
chr17,rs2840044,rs225259,1.168877436,0.023284916,non enhancer SNPs
chr17,rs2840044,rs225262,0.271044043,1,non enhancer SNPs
chr17,rs2840044,rs225285,1.074496029,1,non enhancer SNPs
chr17,rs2840044,rs225304,1.103308694,0.012626566,non enhancer SNPs
chr17,rs2257205,rs2257205,0.747367544,0.032777769,non enhancer SNPs
chr20,rs2284378,rs2268080,0.964733035,0.19135123,non enhancer SNPs
chr20,rs2284378,rs2268088,0.933471186,0.253941008,non enhancer SNPs
chr20,rs2284378,rs2268089,0.997066439,0.141248059,non enhancer SNPs
chr17,rs2075555,rs2269336,0.75931122,0.602908022,non enhancer SNPs
chr19,rs2191566,rs2270196,1.139810794,0.31504268,non enhancer SNPs
chr17,rs2302777,rs2270401,0.733344273,0.000902551,non enhancer SNPs
chr18,rs12456874,rs2276392,1.026095307,0.638226922,non enhancer SNPs
chr20,rs6089829,rs2277767,1.069890558,0.002127216,non enhancer SNPs
chr20,rs6089829,rs2277769,1.059572473,6.96E-06,non enhancer SNPs
chr20,rs6089829,rs2281551,0.877291312,0.719838158,non enhancer SNPs
chr18,rs17674580,rs2282615,1.464266081,0.125563663,non enhancer SNPs
chr20,rs2284378,rs2284378,0.971641431,0.058899216,non enhancer SNPs
chr20,rs2284378,rs2284386,0.716840167,0.434736818,non enhancer SNPs
chr20,rs2284378,rs2284387,1.057516103,0.276141527,non enhancer SNPs
chr20,rs2284378,rs2284388,1.204505143,0.279022756,non enhancer SNPs
chr20,rs2284378,rs2284389,0.79897602,0.049862888,non enhancer SNPs
chr17,rs8067378,rs2290400,1.104866558,0.647074021,non enhancer SNPs
chr20,rs6010620,rs2297433,0.719983247,0.010676442,non enhancer SNPs
chr20,rs6010620,rs2297438,1.099914624,0.223871209,non enhancer SNPs
chr20,rs6010620,rs2297440,0.650235947,0.648711413,non enhancer SNPs
chr18,rs7238033,rs2298718,1.127814749,0.603386699,non enhancer SNPs
chr20,rs2284378,rs2300204,1.361831047,0.114369926,non enhancer SNPs
chr17,rs2302777,rs2302774,0.96142395,0.06421441,non enhancer SNPs
chr17,rs2302777,rs2302777,0.731772877,0.068057632,non enhancer SNPs
chr19,rs4808801,rs2303695,0.937152075,0.818311455,non enhancer SNPs
chr19,rs4808801,rs2303697,0.534167554,0.979725321,non enhancer SNPs
chr17,rs8067378,rs2305479,1.042888787,0.235503178,non enhancer SNPs
chr17,rs8067378,rs2305480,1.052281223,0.096567155,non enhancer SNPs
chr17,rs2302777,rs2305481,1.043263865,0.710539374,non enhancer SNPs
chr17,rs4795519,rs2313050,0.108417617,1,non enhancer SNPs
chr17,rs4795519,rs2313051,0.542088086,0.089379459,non enhancer SNPs
chr17,rs4795519,rs2313068,0.451740072,0.099071207,non enhancer SNPs
chr17,rs4795519,rs2313511,0.705297403,0.071606209,non enhancer SNPs
chr20,rs6062509,rs2315007,1.037038079,0.01563438,non enhancer SNPs
chr20,rs6062509,rs2315008,1.132264632,0.035717803,non enhancer SNPs
chr19,rs2241714,rs2317130,1.098433666,0.028495655,non enhancer SNPs
chr20,rs2208059,rs2328016,1.219698195,1,non enhancer SNPs
chr20,rs2208059,rs2328017,0.930808889,0.838506851,non enhancer SNPs
chr20,rs2208059,rs2328018,0.844880296,2.53E-05,non enhancer SNPs
chr20,rs2208059,rs2328019,1.028372988,0.000258408,non enhancer SNPs
chr19,rs2191566,rs2356549,1.327562661,0.661922533,non enhancer SNPs
chr19,rs2363956,rs2363956,0.784556176,2.82E-07,non enhancer SNPs
chr17,rs7216064,rs2365468,0.854885651,0.355055741,non enhancer SNPs
chr20,rs2284378,rs2377955,1.12935018,1,non enhancer SNPs
chr19,rs4808801,rs2385088,0.647795263,3.83E-05,non enhancer SNPs
chr19,rs4808801,rs2385089,0.739448983,0.064805142,non enhancer SNPs
chr20,rs961253,rs2423149,0.928314421,0.287399837,non enhancer SNPs
chr20,rs961253,rs2423151,1.145395593,0.35983798,non enhancer SNPs
chr20,rs961253,rs2423154,1.250121506,0.478180208,non enhancer SNPs
chr20,rs961253,rs2423156,0.752380879,0.51448946,non enhancer SNPs
chr20,rs961253,rs2423157,0.951828194,0.516739999,non enhancer SNPs
chr20,rs961253,rs2423158,0.88059198,0.314324106,non enhancer SNPs
chr20,rs961253,rs2423159,0.945179228,0.272242498,non enhancer SNPs
chr20,rs961253,rs2423160,1.291445147,0.594615503,non enhancer SNPs
chr20,rs2423279,rs2423269,0.605331697,0.002869112,non enhancer SNPs
chr20,rs2423279,rs2423277,0.696970397,0.669076752,non enhancer SNPs
chr20,rs2423279,rs2423278,1.017343395,0.753546929,non enhancer SNPs
chr20,rs2423279,rs2423279,1.27603881,0.850839664,non enhancer SNPs
chr20,rs2423279,rs2423286,0.940930098,0.520355564,non enhancer SNPs
chr20,rs2423279,rs2423295,0.970337675,0.03165443,non enhancer SNPs
chr20,rs2423279,rs2423298,0.633967423,0.213821059,non enhancer SNPs
chr20,rs2423279,rs2423299,0.784601178,0.085773273,non enhancer SNPs
chr20,rs2423279,rs2423302,1.095939386,0.051817967,non enhancer SNPs
chr20,rs2423279,rs2423304,1.056339217,0.698800362,non enhancer SNPs
chr20,rs2423279,rs2423305,1.066967027,0.338690377,non enhancer SNPs
chr20,rs2423279,rs2423309,0.673662865,0.672110268,non enhancer SNPs
chr20,rs2423279,rs2423310,0.664179998,0.584170465,non enhancer SNPs
chr20,rs2423279,rs2423311,0.899937085,0.170840061,non enhancer SNPs
chr20,rs2423279,rs2423313,0.994528531,0.702819278,non enhancer SNPs
chr20,rs2423279,rs2423317,1.126023257,0.091167937,non enhancer SNPs
chr20,rs2423279,rs2423319,1.258610458,0.39395433,non enhancer SNPs
chr20,rs4925386,rs2427293,0.666630195,0.898108273,non enhancer SNPs
chr20,rs2427308,rs2427307,0.625291937,0.009467465,non enhancer SNPs
chr20,rs2427308,rs2427308,0.772167478,6.11E-08,non enhancer SNPs
chr20,rs2427308,rs2427311,1.021548572,0.174401421,non enhancer SNPs
chr20,rs2427345,rs2427345,0.746662625,0.061612411,non enhancer SNPs
chr17,rs6504950,rs244294,1.455270031,0.538701618,non enhancer SNPs
chr17,rs6504950,rs244319,0.894040799,0.057884596,non enhancer SNPs
chr17,rs6504950,rs244322,1.031516187,0.085751232,non enhancer SNPs
chr17,rs6504950,rs244342,0.791620698,0.844240609,non enhancer SNPs
chr17,rs6504950,rs244353,1.460626233,0.153001916,non enhancer SNPs
chr17,rs12603526,rs2457268,0.8756023,0.610455914,non enhancer SNPs
chr17,rs12603526,rs2457270,0.810320813,0.18148819,non enhancer SNPs
chr17,rs684232,rs2474694,1.420297623,0.796901685,non enhancer SNPs
chr18,rs2847281,rs2542162,1.308082122,0.142852391,non enhancer SNPs
chr18,rs1978503,rs2551460,0.804021406,0.220266802,non enhancer SNPs
chr17,rs2302777,rs25645,1.076340471,0.076854371,non enhancer SNPs
chr19,rs2735839,rs2569735,0.87832793,0.219834896,non enhancer SNPs
chr17,rs9905704,rs2611774,0.989022413,1,non enhancer SNPs
chr17,rs6504950,rs2628305,0.722784115,0.183627318,non enhancer SNPs
chr17,rs6504950,rs2628315,0.903480144,0.649945771,non enhancer SNPs
chr17,rs6504950,rs2628316,1.06610657,0.426587177,non enhancer SNPs
chr17,rs6504950,rs2628321,0.629488085,0.367091828,non enhancer SNPs
chr18,rs11080466,rs264166,0.936766255,0.492805674,non enhancer SNPs
chr18,rs11080466,rs264167,1.012217577,0.009015901,non enhancer SNPs
chr18,rs11080466,rs264172,1.088607411,0.37432808,non enhancer SNPs
chr18,rs11080466,rs264175,0.806661582,0.055402157,non enhancer SNPs
chr18,rs11080466,rs264177,0.963712154,0.37917927,non enhancer SNPs
chr18,rs11080466,rs264220,0.9180052,0.005678443,non enhancer SNPs
chr19,rs265548,rs265545,0.560568362,0.135114693,non enhancer SNPs
chr19,rs265548,rs265548,0.684900258,0.000155077,non enhancer SNPs
chr17,rs12603526,rs2663319,1.381870357,0.312565516,non enhancer SNPs
chr17,rs2257205,rs2680698,0.911608339,0.97205927,non enhancer SNPs
chr17,rs2257205,rs2680699,0.880136034,0.804715991,non enhancer SNPs
chr19,rs4808801,rs271621,0.567184757,0.06093564,non enhancer SNPs
chr19,rs4808801,rs271624,0.879718893,0.019919582,non enhancer SNPs
chr19,rs4808801,rs271626,0.749938137,0.52422842,non enhancer SNPs
chr19,rs4808801,rs271628,1.487069554,0.041411312,non enhancer SNPs
chr19,rs2735839,rs2735839,0.914342157,0.055820858,non enhancer SNPs
chr20,rs6010620,rs2738783,0.737192557,0.21624798,non enhancer SNPs
chr17,rs6504950,rs2787481,0.804388774,0.003708847,non enhancer SNPs
chr17,rs6504950,rs2787497,0.977785053,0.343880483,non enhancer SNPs
chr17,rs6504950,rs2787501,0.737239798,0.893389094,non enhancer SNPs
chr17,rs6504950,rs2787505,1.149751345,0.002796411,non enhancer SNPs
chr17,rs6504950,rs2787507,0.980214074,0.263310097,non enhancer SNPs
chr17,rs2840044,rs2840044,0.968857602,0.000258377,non enhancer SNPs
chr18,rs2847281,rs2847281,0.957917682,0.100574662,non enhancer SNPs
chr18,rs2847281,rs2852151,1.155558001,0.021040684,non enhancer SNPs
chr18,rs12456874,rs2867874,0.866549569,0.317071713,non enhancer SNPs
chr17,rs8067378,rs2872507,1.006735018,0.582177136,non enhancer SNPs
chr20,rs6089829,rs2872543,0.846640322,0.401165181,non enhancer SNPs
chr20,rs961253,rs2876032,1.264872202,1,non enhancer SNPs
chr17,rs12603526,rs2940809,0.69060537,0.091681404,non enhancer SNPs
chr19,rs11083846,rs3027961,0.825054175,0.278066627,non enhancer SNPs
chr17,rs9905704,rs302846,1.085614366,0.83387506,non enhancer SNPs
chr17,rs9905704,rs302847,1.054405862,0.202902303,non enhancer SNPs
chr17,rs9905704,rs302852,1.001250517,0.402901059,non enhancer SNPs
chr17,rs9905704,rs302858,0.875242902,0.311842976,non enhancer SNPs
chr17,rs9905704,rs302861,0.94674539,1,non enhancer SNPs
chr17,rs9905704,rs302862,1.155208405,1,non enhancer SNPs
chr17,rs9905704,rs302863,0.992409332,0.67952311,non enhancer SNPs
chr17,rs9905704,rs302867,0.711785227,1,non enhancer SNPs
chr17,rs9905704,rs302868,1.068232406,0.664048596,non enhancer SNPs
chr17,rs9905704,rs302875,1.062777959,0.608934067,non enhancer SNPs
chr17,rs9905704,rs302877,0.922056371,1,non enhancer SNPs
chr17,rs9905704,rs304262,0.99071271,1,non enhancer SNPs
chr17,rs9905704,rs304265,1.363178331,1,non enhancer SNPs
chr17,rs9905704,rs304267,1.061271043,1,non enhancer SNPs
chr17,rs9905704,rs304268,1.354197409,0.201985968,non enhancer SNPs
chr17,rs9905704,rs304269,1.084176173,1,non enhancer SNPs
chr17,rs9905704,rs304271,0.801347606,1,non enhancer SNPs
chr17,rs9905704,rs304272,0.693553875,1,non enhancer SNPs
chr17,rs9905704,rs304282,1.046704646,1,non enhancer SNPs
chr17,rs9905704,rs304283,1.059903572,1,non enhancer SNPs
chr18,rs1050631,rs3110564,1.135902135,0.162483511,non enhancer SNPs
chr19,rs8102137,rs3218036,1.041218249,0.402050552,non enhancer SNPs
chr18,rs1436904,rs331991,0.893773333,0.247517016,non enhancer SNPs
chr18,rs1436904,rs335920,1.039030034,0.238149638,non enhancer SNPs
chr18,rs1436904,rs335928,0.718376895,0.374584507,non enhancer SNPs
chr19,rs4808801,rs34053595,0.684813657,0.061695358,non enhancer SNPs
chr19,rs8170,rs34084277,0.845503787,0.224746328,non enhancer SNPs
chr17,rs34289250,rs34289250,0.822478476,1,non enhancer SNPs
chr20,rs961253,rs355520,1.312423788,6.50E-06,non enhancer SNPs
chr20,rs961253,rs355522,1.238011981,0.076007796,non enhancer SNPs
chr20,rs961253,rs355523,0.997978421,0.101413498,non enhancer SNPs
chr20,rs961253,rs355527,0.887829307,0.012399753,non enhancer SNPs
chr20,rs961253,rs355529,0.910775325,0.137791101,non enhancer SNPs
chr20,rs961253,rs355530,0.87510045,0.192463654,non enhancer SNPs
chr19,rs8170,rs35686037,1.005444332,0.284730627,non enhancer SNPs
chr19,rs265548,rs36689,1.056084159,0.00444139,non enhancer SNPs
chr19,rs265548,rs36690,1.065645611,0.024725623,non enhancer SNPs
chr19,rs265548,rs36692,0.718090712,0.052919188,non enhancer SNPs
chr19,rs2191566,rs367209,0.842959943,0.001552813,non enhancer SNPs
chr17,rs9905704,rs372648,1.038138968,1,non enhancer SNPs
chr20,rs961253,rs373038,1.091602037,0.083304488,non enhancer SNPs
chr20,rs6089829,rs3746748,0.635342607,0.073232549,non enhancer SNPs
chr19,rs3760775,rs3760775,0.943495454,0.156638161,non enhancer SNPs
chr19,rs3760776,rs3760776,0.851803926,0.947555108,non enhancer SNPs
chr19,rs3760982,rs3760982,1.135051754,0.315475646,non enhancer SNPs
chr19,rs3760982,rs3760983,1.068460731,0.282675005,non enhancer SNPs
chr20,rs6010620,rs3761124,0.811700307,0.397550726,non enhancer SNPs
chr19,rs10411161,rs3764540,0.641271396,0.3492159,non enhancer SNPs
chr17,rs3785856,rs3785856,1.327227883,0.940135875,non enhancer SNPs
chr17,rs3785856,rs3785857,1.307440367,0.278667954,non enhancer SNPs
chr17,rs3785982,rs3785982,1.005653119,0.602452533,non enhancer SNPs
chr18,rs9951026,rs3786249,0.958840447,1,non enhancer SNPs
chr20,rs4809324,rs3787098,0.747588909,0.099578203,non enhancer SNPs
chr19,rs4808801,rs3810429,0.954385642,0.157773459,non enhancer SNPs
chr19,rs6510725,rs3816322,1.243168275,0.024892636,non enhancer SNPs
chr17,rs8067378,rs3816470,0.625486254,0.798925267,non enhancer SNPs
chr19,rs10411161,rs3848562,0.917193682,0.043997646,non enhancer SNPs
chr17,rs9905704,rs385793,0.867340938,0.525529427,non enhancer SNPs
chr17,rs6503659,rs3895104,0.774779881,0.330347264,non enhancer SNPs
chr17,rs7216064,rs3935969,1.321339711,0.713419862,non enhancer SNPs
chr18,rs11080466,rs393832,0.994507467,1,non enhancer SNPs
chr18,rs7504990,rs4078288,1.048492503,0.003898202,non enhancer SNPs
chr18,rs7504990,rs4078289,1.009639061,0.457084308,non enhancer SNPs
chr17,rs684232,rs410157,1.381300055,0.364864554,non enhancer SNPs
chr17,rs7501939,rs4239217,1.090916167,0.212988491,non enhancer SNPs
chr20,rs2423279,rs4239773,0.897249247,0.739191774,non enhancer SNPs
chr18,rs11661542,rs4264496,0.734913453,0.753178076,non enhancer SNPs
chr18,rs11661542,rs4267433,0.652718308,0.439592675,non enhancer SNPs
chr17,rs4273077,rs4273077,0.612720144,0.821294275,non enhancer SNPs
chr20,rs961253,rs4292146,1.445568231,1,non enhancer SNPs
chr20,rs2423279,rs4302273,0.900253429,0.234039046,non enhancer SNPs
chr17,rs2084881,rs4312351,1.080745236,0.566251097,non enhancer SNPs
chr18,rs11661542,rs4316864,1.401246563,0.189735284,non enhancer SNPs
chr17,rs7216064,rs4318247,0.897249247,0.000339089,non enhancer SNPs
chr20,rs961253,rs432266,0.859121552,0.021696011,non enhancer SNPs
chr20,rs961253,rs432277,0.916843516,0.006445232,non enhancer SNPs
chr18,rs4368253,rs4368253,1.108816541,0.00259802,non enhancer SNPs
chr20,rs961253,rs438009,0.721303,0.461638821,non enhancer SNPs
chr20,rs961253,rs438945,0.960974335,0.000747816,non enhancer SNPs
chr18,rs11661542,rs4401144,0.971018988,0.55025039,non enhancer SNPs
chr18,rs11661542,rs4404180,0.915564015,0.433595707,non enhancer SNPs
chr20,rs961253,rs441147,0.929798914,0.00233754,non enhancer SNPs
chr17,rs4430796,rs4430796,1.183522994,0.004407504,non enhancer SNPs
chr18,rs1436904,rs444673,1.022575254,0.849301325,non enhancer SNPs
chr20,rs961253,rs445074,0.688936156,0.055024296,non enhancer SNPs
chr17,rs2084881,rs4451990,0.558031854,1,non enhancer SNPs
chr20,rs961253,rs445218,0.739876983,0.80579647,non enhancer SNPs
chr17,rs6503659,rs4502275,1.326598273,0.313584883,non enhancer SNPs
chr17,rs684232,rs450289,0.829789616,0.459674839,non enhancer SNPs
chr19,rs10411161,rs4514789,0.812254965,0.094294253,non enhancer SNPs
chr18,rs11661542,rs4530259,1.008535975,0.875712426,non enhancer SNPs
chr17,rs2084881,rs4556829,1.243613845,0.303571429,non enhancer SNPs
chr17,rs4273077,rs4561508,0.605333839,0.014960811,non enhancer SNPs
chr18,rs12456874,rs4570935,0.714570659,0.770437714,non enhancer SNPs
chr17,rs684232,rs461251,0.934872251,0.024681007,non enhancer SNPs
chr18,rs6507016,rs4621052,1.219698195,1,non enhancer SNPs
chr18,rs2847281,rs478582,0.802290368,0.001080036,non enhancer SNPs
chr17,rs7216064,rs4790908,1.115131064,0.091161215,non enhancer SNPs
chr17,rs7216064,rs4790973,1.105859696,0.468633582,non enhancer SNPs
chr17,rs7216064,rs4790974,1.106763177,0.450418649,non enhancer SNPs
chr17,rs7216064,rs4791212,0.661083032,0.598228846,non enhancer SNPs
chr17,rs4273077,rs4792800,0.965239537,0.073766339,non enhancer SNPs
chr17,rs8067378,rs4794820,0.890956657,0.039975787,non enhancer SNPs
chr17,rs4795519,rs4795077,0.985614703,0.394965102,non enhancer SNPs
chr17,rs4795519,rs4795370,1.135454776,0.253807101,non enhancer SNPs
chr17,rs8067378,rs4795400,0.812855272,0.017300365,non enhancer SNPs
chr17,rs8067378,rs4795405,1.433044743,0.530248489,non enhancer SNPs
chr17,rs4795519,rs4795428,1.051236793,1,non enhancer SNPs
chr17,rs4795519,rs4795458,0.739211027,1,non enhancer SNPs
chr17,rs4795519,rs4795481,0.875680755,0.207560899,non enhancer SNPs
chr17,rs4795519,rs4795483,0,1,non enhancer SNPs
chr17,rs4795519,rs4795485,0.884728669,0.209070568,non enhancer SNPs
chr17,rs4795519,rs4795501,0.542088086,0.466666667,non enhancer SNPs
chr17,rs4795519,rs4795519,1.171261308,0.314990159,non enhancer SNPs
chr17,rs6503659,rs4796601,1.397203612,0.115644925,non enhancer SNPs
chr17,rs6503659,rs4796603,0.918748684,0.008216053,non enhancer SNPs
chr17,rs6503659,rs4796605,1.281299114,0.004396076,non enhancer SNPs
chr17,rs6503659,rs4796691,1.036476514,0.054776591,non enhancer SNPs
chr17,rs6503659,rs4796692,1.349682757,0.02753593,non enhancer SNPs
chr17,rs6503659,rs4796693,1.045543198,0.045421302,non enhancer SNPs
chr18,rs2847281,rs4797709,1.409429025,1,non enhancer SNPs
chr18,rs16951095,rs4798530,1.206637523,0.530423013,non enhancer SNPs
chr18,rs11661542,rs4800134,1.058362455,0.050909707,non enhancer SNPs
chr19,rs11083846,rs4802322,1.161958646,0.445894456,non enhancer SNPs
chr19,rs2241714,rs4803457,1.174123189,0.923408496,non enhancer SNPs
chr19,rs2191566,rs4803667,0.662552106,1,non enhancer SNPs
chr19,rs8170,rs4808611,1.167990291,0.233855364,non enhancer SNPs
chr19,rs4808801,rs4808801,1.127848399,0.597860611,non enhancer SNPs
chr20,rs6089829,rs4809268,0.436701116,0.072843413,non enhancer SNPs
chr20,rs6089829,rs4809270,0.880501458,0.776079835,non enhancer SNPs
chr20,rs4809324,rs4809324,1.005563147,0.477513738,non enhancer SNPs
chr20,rs6062509,rs4809330,0.653791086,0.626977434,non enhancer SNPs
chr20,rs6089829,rs4809465,0.935324116,0.177155871,non enhancer SNPs
chr20,rs6089829,rs4809467,1.159466185,0.873118111,non enhancer SNPs
chr20,rs6089829,rs4809471,1.101927168,0.032647156,non enhancer SNPs
chr20,rs4813802,rs4813802,0.618208781,0.209141037,non enhancer SNPs
chr20,rs2208059,rs4814469,1.287913977,0.626244306,non enhancer SNPs
chr18,rs17674580,rs4890588,1.231024243,0.869889239,non enhancer SNPs
chr20,rs2284378,rs4911146,1.223995933,0.169104884,non enhancer SNPs
chr20,rs2284378,rs4911379,0.886226588,0.298584409,non enhancer SNPs
chr20,rs2284378,rs4911383,0.412782671,0.647981343,non enhancer SNPs
chr20,rs2284378,rs4911389,0,1,non enhancer SNPs
chr20,rs2284378,rs4911393,0.870247144,0.210257387,non enhancer SNPs
chr20,rs2284378,rs4911405,0.644238789,0.292923441,non enhancer SNPs
chr20,rs2284378,rs4911407,0.808376971,0.015003419,non enhancer SNPs
chr20,rs2284378,rs4911408,0.917620278,0.30296266,non enhancer SNPs
chr20,rs2284378,rs4911410,0.98647425,1,non enhancer SNPs
chr20,rs2284378,rs4911412,0.850444686,0.063682786,non enhancer SNPs
chr20,rs2284378,rs4911414,0.480331216,0.652994848,non enhancer SNPs
chr17,rs4924935,rs4924935,1.355220216,0.723956395,non enhancer SNPs
chr20,rs4925386,rs4925386,0.64543623,0.303183682,non enhancer SNPs
chr20,rs4925386,rs4925389,0.884742861,0.071610757,non enhancer SNPs
chr18,rs17674580,rs493262,0.683179506,1,non enhancer SNPs
chr18,rs17674580,rs493363,1.488635678,0.270522625,non enhancer SNPs
chr20,rs2427308,rs493809,1.161617328,0.819533603,non enhancer SNPs
chr18,rs4939827,rs4939827,0.925850533,0.798093374,non enhancer SNPs
chr18,rs7504990,rs4940234,0.387205776,1,non enhancer SNPs
chr17,rs4273077,rs4985726,0.681085032,1,non enhancer SNPs
chr18,rs4987855,rs4987845,0.964966987,1,non enhancer SNPs
chr18,rs4987852,rs4987852,1.382534732,0.071222095,non enhancer SNPs
chr18,rs4987855,rs4987855,1.264507895,1,non enhancer SNPs
chr18,rs4987855,rs4987856,1.294708058,1,non enhancer SNPs
chr20,rs961253,rs5005940,1.055645221,0.248911274,non enhancer SNPs
chr18,rs527616,rs527616,1.077177383,0.039603485,non enhancer SNPs
chr18,rs1436904,rs559547,0.905476785,0.532956305,non enhancer SNPs
chr17,rs9905704,rs581903,1.097770859,1,non enhancer SNPs
chr20,rs6010620,rs6010620,1.379805056,0.455942461,non enhancer SNPs
chr20,rs6010620,rs6010621,0.981650817,0.042227174,non enhancer SNPs
chr20,rs6010620,rs6010998,0.863976151,0.815132344,non enhancer SNPs
chr20,rs6062509,rs6011040,0.864506491,0.071014349,non enhancer SNPs
chr20,rs6062509,rs6011058,0.304543869,0.315936711,non enhancer SNPs
chr20,rs6062509,rs6011066,1.211004329,9.39E-05,non enhancer SNPs
chr20,rs2208059,rs6034447,1.228275538,0.000701676,non enhancer SNPs
chr20,rs2208059,rs6034461,1.219698195,1,non enhancer SNPs
chr20,rs961253,rs6038479,1.355220216,0.200701084,non enhancer SNPs
chr20,rs961253,rs6038483,0.926958953,0.586287469,non enhancer SNPs
chr20,rs2423279,rs6038955,0.991624548,0.001720353,non enhancer SNPs
chr20,rs2423279,rs6038968,0.806200512,0.020020964,non enhancer SNPs
chr20,rs6104690,rs6040291,1.113566491,0.355220802,non enhancer SNPs
chr20,rs2208059,rs6043881,1.367814182,0.222073699,non enhancer SNPs
chr20,rs2208059,rs6043882,0.845962817,0.674509968,non enhancer SNPs
chr20,rs2208059,rs6043892,1.422381572,0.013367678,non enhancer SNPs
chr20,rs6049375,rs6049375,1.10633889,0.194439697,non enhancer SNPs
chr20,rs961253,rs6054220,0.950673997,0.595183896,non enhancer SNPs
chr20,rs2423279,rs6055331,1.48637056,0.127173565,non enhancer SNPs
chr20,rs2284378,rs6057961,0.81267812,0.840557442,non enhancer SNPs
chr20,rs2284378,rs6059554,0.789985118,0.580435248,non enhancer SNPs
chr20,rs2284378,rs6059574,0.85429067,0.807542914,non enhancer SNPs
chr20,rs2284378,rs6059578,0.945320035,0.189221905,non enhancer SNPs
chr20,rs2284378,rs6059581,0.682077867,0.076821307,non enhancer SNPs
chr20,rs2284378,rs6059586,0.913381296,0.436504313,non enhancer SNPs
chr20,rs2284378,rs6059587,0.859580024,0.034466106,non enhancer SNPs
chr20,rs2284378,rs6059596,1.218305845,0.454817153,non enhancer SNPs
chr20,rs2284378,rs6059649,1.021306785,0.491116725,non enhancer SNPs
chr20,rs2284378,rs6059651,0.609849097,0.205882353,non enhancer SNPs
chr20,rs2284378,rs6059662,0.911571011,0.054966064,non enhancer SNPs
chr20,rs2427308,rs6061231,1.36178897,0.820507254,non enhancer SNPs
chr20,rs6010620,rs6062302,0.887418275,0.812271034,non enhancer SNPs
chr20,rs6089829,rs6062397,0.99921314,0.004107809,non enhancer SNPs
chr20,rs4809324,rs6062492,0.755446928,0.77047575,non enhancer SNPs
chr20,rs6062509,rs6062504,1.025039291,0.053509139,non enhancer SNPs
chr20,rs6062509,rs6062509,1.138363307,0.473036868,non enhancer SNPs
chr20,rs2423279,rs6077250,0.387205776,1,non enhancer SNPs
chr20,rs2423279,rs6077267,1.273686642,0.913704244,non enhancer SNPs
chr20,rs2423279,rs6077269,1.036960121,0.122987989,non enhancer SNPs
chr20,rs2423279,rs6077270,1.08898405,0.412270522,non enhancer SNPs
chr20,rs2423279,rs6077271,0.968310017,0.008430504,non enhancer SNPs
chr20,rs2423279,rs6077273,1.112118858,1,non enhancer SNPs
chr20,rs2423279,rs6077276,1.249159504,0.88034851,non enhancer SNPs
chr20,rs2423279,rs6077277,1.015896142,0.135745644,non enhancer SNPs
chr20,rs2423279,rs6077279,0.988610492,0.095674048,non enhancer SNPs
chr20,rs2423279,rs6077280,0.895501358,0.194850005,non enhancer SNPs
chr20,rs6077414,rs6077413,0.980921299,1,non enhancer SNPs
chr20,rs6077414,rs6077414,1.067749261,1,non enhancer SNPs
chr20,rs6104690,rs6078006,1.355220216,1,non enhancer SNPs
chr20,rs961253,rs6085539,1.206804979,0.260157974,non enhancer SNPs
chr20,rs4813802,rs6085662,0.886387277,0.003510413,non enhancer SNPs
chr20,rs2423279,rs6086193,1.170910267,0.092333689,non enhancer SNPs
chr20,rs2423279,rs6086194,1.355220216,0.542084807,non enhancer SNPs
chr20,rs2423279,rs6086195,1.000778006,0.47187823,non enhancer SNPs
chr20,rs2423279,rs6086208,1.495415411,0.04966306,non enhancer SNPs
chr20,rs2423279,rs6086230,1.301011408,0.116515837,non enhancer SNPs
chr20,rs2423279,rs6086234,1.131314267,0.800234704,non enhancer SNPs
chr20,rs2423279,rs6086235,1.084176173,0.125940015,non enhancer SNPs
chr20,rs2423279,rs6086243,0.929293863,0.326089545,non enhancer SNPs
chr20,rs2423279,rs6086249,1.04200127,0.226426024,non enhancer SNPs
chr20,rs2423279,rs6086253,1.011897761,0.521089904,non enhancer SNPs
chr20,rs6077414,rs6086562,1.405259117,1,non enhancer SNPs
chr20,rs2284378,rs6087557,1.122597365,0.44153043,non enhancer SNPs
chr20,rs2284378,rs6088360,1.241814636,0.025214646,non enhancer SNPs
chr20,rs2284378,rs6088361,1.425621266,0.37602209,non enhancer SNPs
chr20,rs6089829,rs6089825,1.190490862,0.025583164,non enhancer SNPs
chr20,rs6010620,rs6089953,0.961283063,0.119768682,non enhancer SNPs
chr20,rs6089829,rs6090202,0.78520638,0.588057282,non enhancer SNPs
chr20,rs6089829,rs6090206,1.059571882,0.000522566,non enhancer SNPs
chr20,rs6104690,rs6104690,0.976001645,0.733496033,non enhancer SNPs
chr20,rs2208059,rs6105582,0.650505704,0.046886708,non enhancer SNPs
chr20,rs6117615,rs6117615,0.577441657,0.564643922,non enhancer SNPs
chr20,rs2423279,rs6117968,0.309764621,1,non enhancer SNPs
chr20,rs2284378,rs6120440,0.660096205,0.41552002,non enhancer SNPs
chr20,rs2284378,rs6120487,0.505601388,0.600745766,non enhancer SNPs
chr20,rs2427308,rs6121558,0.818914565,0.850541634,non enhancer SNPs
chr20,rs4925386,rs6121989,0.956046262,0.69932138,non enhancer SNPs
chr20,rs4925386,rs6121990,0.774051361,0.635013807,non enhancer SNPs
chr20,rs6125048,rs6125048,1.068604522,0.051147318,non enhancer SNPs
chr20,rs2423279,rs6133503,0.710148029,0.292160115,non enhancer SNPs
chr20,rs2423279,rs6133507,1.354301423,0.016309844,non enhancer SNPs
chr20,rs4813802,rs6140071,0.910707985,0.171307435,non enhancer SNPs
chr20,rs2423279,rs6140425,1.041730797,0.216765821,non enhancer SNPs
chr20,rs2423279,rs6140441,0.921931499,0.819376316,non enhancer SNPs
chr20,rs2423279,rs6140446,0.730714349,0.034069548,non enhancer SNPs
chr20,rs2423279,rs6140449,1.292290429,0.136484092,non enhancer SNPs
chr20,rs2284378,rs6142102,1.333243672,0.017940511,non enhancer SNPs
chr20,rs4925386,rs6142735,1.459234317,0.500675167,non enhancer SNPs
chr20,rs4925386,rs6142738,0.663878802,0.559872453,non enhancer SNPs
chr20,rs4925386,rs6143035,0.819647612,0.065036777,non enhancer SNPs
chr20,rs62185668,rs62185668,0.81313213,0.920856151,non enhancer SNPs
chr20,rs4925386,rs624313,1.065844692,0.203221193,non enhancer SNPs
chr18,rs637644,rs637644,1.137062816,0.323808295,non enhancer SNPs
chr18,rs637644,rs639075,1.201384408,0.381723408,non enhancer SNPs
chr20,rs4925386,rs639836,0.9239895,0.006279537,non enhancer SNPs
chr18,rs6507016,rs6417060,0.925382693,0.081989509,non enhancer SNPs
chr17,rs4924935,rs6502674,0.586340175,0.276944943,non enhancer SNPs
chr17,rs6503659,rs6503658,0.825167833,0.113134387,non enhancer SNPs
chr17,rs6503659,rs6503659,0.868751323,0.258926767,non enhancer SNPs
chr17,rs2084881,rs6504158,1.309765625,0.448844168,non enhancer SNPs
chr17,rs2084881,rs6504172,1.204640192,0.643675346,non enhancer SNPs
chr17,rs7216064,rs6504548,0.627232812,0.319206395,non enhancer SNPs
chr17,rs7216064,rs6504549,1.253362901,0.051007859,non enhancer SNPs
chr17,rs7216064,rs6504550,0.496914079,0.036074842,non enhancer SNPs
chr17,rs7216064,rs6504555,1.045086265,0.823952271,non enhancer SNPs
chr17,rs6504950,rs6504948,1.313974384,0.838073926,non enhancer SNPs
chr17,rs6504950,rs6504950,0.929293863,0.368421053,non enhancer SNPs
chr18,rs6507016,rs6507015,0.810690292,0.306442425,non enhancer SNPs
chr18,rs11661542,rs6507223,0.833460433,0.107790949,non enhancer SNPs
chr18,rs4939827,rs6507874,1.140212785,0.866788299,non enhancer SNPs
chr19,rs2191566,rs6509133,1.134165134,0.462973995,non enhancer SNPs
chr19,rs6510725,rs6510725,0.915782852,0.004026934,non enhancer SNPs
chr19,rs6511720,rs6511720,0.846511938,0.34004428,non enhancer SNPs
chr20,rs961253,rs6516162,1.188918617,0.065362543,non enhancer SNPs
chr20,rs961253,rs6516163,0.675232529,0.281348663,non enhancer SNPs
chr20,rs961253,rs654408,0.929293863,0.008689623,non enhancer SNPs
chr20,rs961253,rs654433,0.81313213,0.067650502,non enhancer SNPs
chr17,rs12603526,rs657243,0.91753428,0.227868736,non enhancer SNPs
chr17,rs12603526,rs670996,0.785845817,0.100162279,non enhancer SNPs
chr18,rs2847281,rs674222,0.819155331,0.628467583,non enhancer SNPs
chr18,rs527616,rs675150,0.832565476,0.50790735,non enhancer SNPs
chr17,rs684232,rs684232,0.897397308,0.005858233,non enhancer SNPs
chr18,rs17674580,rs692899,1.413867173,0.018997317,non enhancer SNPs
chr17,rs9905704,rs694720,0.602320096,1,non enhancer SNPs
chr17,rs9905704,rs695137,0.361392058,1,non enhancer SNPs
chr20,rs2423279,rs717430,1.49296391,5.93E-06,non enhancer SNPs
chr20,rs2423279,rs717432,1.31908101,0.005967107,non enhancer SNPs
chr20,rs2423279,rs717433,1.34587387,0.040475418,non enhancer SNPs
chr18,rs1050631,rs719147,0.832042179,0.282120776,non enhancer SNPs
chr17,rs7216064,rs7208663,1.319830441,0.884791102,non enhancer SNPs
chr17,rs2084881,rs7209043,1.419754512,1,non enhancer SNPs
chr17,rs2084881,rs7209855,1.180310021,0.035547951,non enhancer SNPs
chr17,rs7210100,rs7210100,1.099664404,1,non enhancer SNPs
chr17,rs2084881,rs7210708,1.003866827,0.538619275,non enhancer SNPs
chr17,rs4795519,rs7211074,0.825687303,0.288382625,non enhancer SNPs
chr17,rs4795519,rs7211706,1.040675277,0.096744469,non enhancer SNPs
chr17,rs2084881,rs7212149,0.644645292,0.676883574,non enhancer SNPs
chr17,rs7216064,rs7212293,1.138384982,1,non enhancer SNPs
chr17,rs2084881,rs7212930,0.843248135,0.708739079,non enhancer SNPs
chr17,rs4795519,rs7215009,1.084176173,0.00409436,non enhancer SNPs
chr17,rs7216064,rs7216064,0.914996251,1,non enhancer SNPs
chr17,rs8067378,rs7216389,1.018246541,0.948810769,non enhancer SNPs
chr17,rs2084881,rs7216971,0.487879278,1,non enhancer SNPs
chr17,rs11650494,rs7216993,1.125255859,0.17287512,non enhancer SNPs
chr17,rs2084881,rs7217025,0.271044043,1,non enhancer SNPs
chr17,rs2084881,rs7217120,0.75290012,0.000642172,non enhancer SNPs
chr17,rs6504950,rs7218719,1.36014829,0.228524114,non enhancer SNPs
chr17,rs2084881,rs7219816,1.248679482,0.412616767,non enhancer SNPs
chr17,rs8067378,rs7219923,0.689363089,0.178679029,non enhancer SNPs
chr17,rs2084881,rs7219985,0.875441105,1,non enhancer SNPs
chr17,rs6504950,rs7221223,0.481856077,1,non enhancer SNPs
chr17,rs7216064,rs7221651,1.016415162,0.511519267,non enhancer SNPs
chr17,rs2084881,rs7221770,0.692072933,0.186861613,non enhancer SNPs
chr17,rs1859962,rs7222314,1.018468526,0.357530095,non enhancer SNPs
chr17,rs7216064,rs7223813,0.433670469,1,non enhancer SNPs
chr17,rs8067378,rs7224129,0.964186048,0.869025202,non enhancer SNPs
chr17,rs6503659,rs7224601,1.091804054,0.339124226,non enhancer SNPs
chr17,rs4795519,rs7225143,1.259225451,0.102797737,non enhancer SNPs
chr17,rs2084881,rs7225998,1.054336462,0.879268521,non enhancer SNPs
chr18,rs4939827,rs7226855,1.123667554,0.123633987,non enhancer SNPs
chr18,rs12456874,rs7226901,0.556947957,0.463805253,non enhancer SNPs
chr18,rs12456874,rs7227361,0.767438178,0.864128806,non enhancer SNPs
chr18,rs11080466,rs7228069,0.615061483,1,non enhancer SNPs
chr18,rs7229639,rs7229639,0.731381749,0.171777693,non enhancer SNPs
chr18,rs11661542,rs7231506,1.024744589,0.873302396,non enhancer SNPs
chr18,rs8088832,rs7232482,0.677610108,0.086956522,non enhancer SNPs
chr18,rs12456874,rs7234501,0.994864939,0.005671508,non enhancer SNPs
chr18,rs12456874,rs7236152,1.007176781,0.167368388,non enhancer SNPs
chr18,rs7238033,rs7238033,1.172708147,0.239646941,non enhancer SNPs
chr18,rs12456874,rs7241109,1.243537787,0.676079774,non enhancer SNPs
chr18,rs11080466,rs7241188,0.513557135,0.169732791,non enhancer SNPs
chr18,rs12456874,rs7241410,1.081594801,0.146397952,non enhancer SNPs
chr18,rs12456874,rs7241438,1.026386002,0.001917764,non enhancer SNPs
chr18,rs7241993,rs7241993,0.970312922,0.123278939,non enhancer SNPs
chr18,rs7241993,rs7242245,1.19416506,1,non enhancer SNPs
chr18,rs6507016,rs7242464,1.355220216,0.054848525,non enhancer SNPs
chr18,rs11661542,rs7243351,0.993828159,1,non enhancer SNPs
chr18,rs11661542,rs7244577,0.855724765,0.006964909,non enhancer SNPs
chr19,rs265548,rs7245542,0.590719857,0.173259579,non enhancer SNPs
chr19,rs2191566,rs7245749,1.25041652,0.454222763,non enhancer SNPs
chr19,rs7248888,rs7248888,0.647385772,0.481612665,non enhancer SNPs
chr19,rs10411210,rs7252505,1.409429025,0.47125103,non enhancer SNPs
chr19,rs4808801,rs7252707,0.874793391,0.353433916,non enhancer SNPs
chr19,rs4808801,rs7252848,0.87143481,0.018157913,non enhancer SNPs
chr19,rs4808801,rs7253990,1.22596664,0.017893679,non enhancer SNPs
chr19,rs6510725,rs7254684,0.678943112,0.026554968,non enhancer SNPs
chr20,rs2284378,rs725478,0.960564638,0.307304173,non enhancer SNPs
chr19,rs2191566,rs7255315,0.85003484,1,non enhancer SNPs
chr19,rs265548,rs7256058,0.619630871,0.230404648,non enhancer SNPs
chr19,rs4808801,rs7256534,0.927443733,0.330447799,non enhancer SNPs
chr19,rs2191566,rs7256908,1.145293947,0.603187246,non enhancer SNPs
chr19,rs4808801,rs7257932,0.380974879,9.94E-06,non enhancer SNPs
chr19,rs4808801,rs7258465,0.964073496,0.049040884,non enhancer SNPs
chr19,rs2191566,rs7258517,1.019996611,0.01702676,non enhancer SNPs
chr20,rs4809324,rs7261546,1.156964928,0.309970271,non enhancer SNPs
chr20,rs2423279,rs7268306,0.940258982,1,non enhancer SNPs
chr20,rs2423279,rs7269743,0.870711434,0.133073755,non enhancer SNPs
chr20,rs6089829,rs7273917,0.934929005,0.004928874,non enhancer SNPs
chr17,rs8067378,rs7359623,0.923070913,0.000447653,non enhancer SNPs
chr17,rs6503659,rs7406082,0.919967008,0.603052987,non enhancer SNPs
chr19,rs4808801,rs748609,0.945623307,0.636930912,non enhancer SNPs
chr18,rs7504990,rs7504512,0.881959044,0.094110768,non enhancer SNPs
chr18,rs7504990,rs7504750,1.416053044,0.086927541,non enhancer SNPs
chr18,rs7504990,rs7504990,1.168722021,1,non enhancer SNPs
chr18,rs6507016,rs7505632,0,1,non enhancer SNPs
chr18,rs7504990,rs7506454,1.084176173,0.352148487,non enhancer SNPs
chr18,rs7504990,rs7506663,0.88445951,1,non enhancer SNPs
chr18,rs7504990,rs7507060,0.972569802,0.512178042,non enhancer SNPs
chr20,rs2284378,rs761235,1.262759921,0.372433151,non enhancer SNPs
chr20,rs2284378,rs761236,1.02247509,0.005572865,non enhancer SNPs
chr20,rs2284378,rs761238,1.016716322,0.013805773,non enhancer SNPs
chr19,rs4808801,rs76195,0.887328544,0.03794922,non enhancer SNPs
chr19,rs17271883,rs778805,0.742021268,0.138061051,non enhancer SNPs
chr19,rs17271883,rs778809,0.963640534,0.445533245,non enhancer SNPs
chr20,rs4925386,rs77994,1.252185572,0.046595614,non enhancer SNPs
chr19,rs103294,rs798893,0.895075678,0.031719143,non enhancer SNPs
chr17,rs2084881,rs8065385,1.340206115,0.042834797,non enhancer SNPs
chr17,rs11650494,rs8065389,0.835022618,1,non enhancer SNPs
chr17,rs7216064,rs8065906,1.090629603,0.592729741,non enhancer SNPs
chr17,rs8067378,rs8067378,1.283004329,0.197902578,non enhancer SNPs
chr17,rs1859962,rs8068266,1.028098095,0.507791336,non enhancer SNPs
chr17,rs2084881,rs8068397,0.614366498,1,non enhancer SNPs
chr17,rs8067378,rs8069176,1.466826587,0.257712089,non enhancer SNPs
chr17,rs1859962,rs8071558,1.312423788,0.158631715,non enhancer SNPs
chr17,rs4795519,rs8071740,1.407591438,0.398037076,non enhancer SNPs
chr17,rs7216064,rs8072225,0,1,non enhancer SNPs
chr17,rs1859962,rs8072254,1.337150613,0.293154967,non enhancer SNPs
chr17,rs7216064,rs8074078,1.084176173,0.043879162,non enhancer SNPs
chr17,rs11650494,rs8076023,1.260354801,1,non enhancer SNPs
chr17,rs6504950,rs8078550,0.865492911,1,non enhancer SNPs
chr17,rs7216064,rs8079291,0,1,non enhancer SNPs
chr17,rs7216064,rs8079754,0.655023105,0.200290276,non enhancer SNPs
chr17,rs7216064,rs8081517,1.122896751,0.568224453,non enhancer SNPs
chr17,rs6504950,rs8082471,0.464646931,1,non enhancer SNPs
chr17,rs6504950,rs8082622,0.87656797,1,non enhancer SNPs
chr18,rs8088832,rs8085971,1.138384982,1,non enhancer SNPs
chr18,rs2847281,rs8087237,0.361392058,0.378629751,non enhancer SNPs
chr18,rs12456874,rs8087505,0.963244786,0.365319521,non enhancer SNPs
chr18,rs4368253,rs8088707,1.054874114,0.544871795,non enhancer SNPs
chr18,rs8088832,rs8088832,0.94674539,0.527811141,non enhancer SNPs
chr18,rs17674580,rs8090267,0.776305493,0.394611126,non enhancer SNPs
chr18,rs11661542,rs8091189,1.043491313,0.677120971,non enhancer SNPs
chr18,rs12456874,rs8094197,0.884687757,0.807749167,non enhancer SNPs
chr18,rs11661542,rs8095036,1.02701314,0.142246651,non enhancer SNPs
chr18,rs11661542,rs8096784,1.486396051,0.64654328,non enhancer SNPs
chr18,rs8088832,rs8097467,1.294988207,0.017546088,non enhancer SNPs
chr18,rs8088832,rs8097717,1.219698195,0.000253174,non enhancer SNPs
chr18,rs11661542,rs8098265,1.357148593,0.000907759,non enhancer SNPs
chr19,rs2363956,rs8100241,0.843248135,0.114981628,non enhancer SNPs
chr19,rs4808801,rs8100767,0.854287489,0.0151314,non enhancer SNPs
chr19,rs10419226,rs8102046,1.006271298,1.50E-05,non enhancer SNPs
chr19,rs8102137,rs8102137,1.132459322,0.443132669,non enhancer SNPs
chr19,rs8102476,rs8102454,0.494949992,0.003094713,non enhancer SNPs
chr19,rs8102476,rs8102476,0.496826363,0.002603914,non enhancer SNPs
chr19,rs4808801,rs8103622,0.557132716,0.794116135,non enhancer SNPs
chr19,rs2191566,rs8105571,0.839362198,0.165973174,non enhancer SNPs
chr19,rs4808801,rs8105994,0.97746592,0.266209047,non enhancer SNPs
chr19,rs10411161,rs8106929,1.020462544,0.907826542,non enhancer SNPs
chr19,rs4808801,rs8107347,0.841232291,0.589523107,non enhancer SNPs
chr19,rs10411161,rs8107422,0.987678817,0.53174215,non enhancer SNPs
chr19,rs4808801,rs8109573,0.947991776,0.903068946,non enhancer SNPs
chr19,rs10411161,rs8111316,1.09308943,0.100350105,non enhancer SNPs
chr19,rs11672691,rs8112363,0.710222359,0.915598902,non enhancer SNPs
chr20,rs2423279,rs8115459,0.735690975,0.317578905,non enhancer SNPs
chr20,rs2284378,rs8119937,1.003866827,0.241818029,non enhancer SNPs
chr20,rs2423279,rs8120843,0.562739061,0.130699977,non enhancer SNPs
chr20,rs2423279,rs8120850,0.850408583,0.636612219,non enhancer SNPs
chr20,rs2423279,rs8123768,1.38595717,0.662565601,non enhancer SNPs
chr20,rs961253,rs8124724,1.208404693,8.40E-07,non enhancer SNPs
chr20,rs4925386,rs8124907,0.995632541,0.05087893,non enhancer SNPs
chr19,rs8170,rs8170,1.168276281,1,non enhancer SNPs
chr17,rs684232,rs865702,0.850721429,0.42503669,non enhancer SNPs
chr17,rs8067378,rs869402,0.894276022,0.210943316,non enhancer SNPs
chr19,rs4808801,rs875396,0.742256257,0.072458386,non enhancer SNPs
chr18,rs11661542,rs878469,0.93961935,0.688708325,non enhancer SNPs
chr17,rs8067378,rs907091,0.816378166,0.772433202,non enhancer SNPs
chr20,rs2284378,rs909884,0.620249625,1.47E-07,non enhancer SNPs
chr20,rs910873,rs910873,1.102456483,0.193203456,non enhancer SNPs
chr20,rs2208059,rs913826,0.918968375,0.366697624,non enhancer SNPs
chr17,rs9303196,rs9303196,0.882041632,0.001290102,non enhancer SNPs
chr17,rs8067378,rs9303277,1.389969453,0.560338129,non enhancer SNPs
chr17,rs8067378,rs9303280,0.786045663,0.276876232,non enhancer SNPs
chr17,rs8067378,rs9303281,0.77573028,0.005918518,non enhancer SNPs
chr17,rs4795519,rs9303617,1.062050129,0.039700838,non enhancer SNPs
chr18,rs12456874,rs930797,0.558725061,0.157493397,non enhancer SNPs
chr18,rs12456874,rs930798,1.06573564,0.005564088,non enhancer SNPs
chr18,rs12456874,rs930799,1.033022832,0.029622514,non enhancer SNPs
chr18,rs1050631,rs948419,1.118189543,0.177683762,non enhancer SNPs
chr18,rs12456874,rs949259,0.606622383,0.086741481,non enhancer SNPs
chr17,rs4795519,rs952000,0.786174236,0.248862557,non enhancer SNPs
chr17,rs4795519,rs953768,0.864696606,0.85879693,non enhancer SNPs
chr20,rs961253,rs961253,1.245851567,0.673312007,non enhancer SNPs
chr17,rs8067378,rs9635726,0.973638658,0.233123571,non enhancer SNPs
chr18,rs11661542,rs9653003,1.145607288,0.428963626,non enhancer SNPs
chr18,rs11661542,rs966345,0.897735473,0.731546457,non enhancer SNPs
chr17,rs4924935,rs966811,0.990291404,0.002982493,non enhancer SNPs
chr20,rs961253,rs966816,1.260518081,0.026558918,non enhancer SNPs
chr20,rs2284378,rs973409,0.76232574,0.34253928,non enhancer SNPs
chr18,rs11661542,rs9789208,0.309764621,1,non enhancer SNPs
chr18,rs11661542,rs9807324,1.391116644,0.806098646,non enhancer SNPs
chr17,rs1859962,rs984434,1.254546714,0.096025969,non enhancer SNPs
chr17,rs7216064,rs9890629,1.286825925,0.028182962,non enhancer SNPs
chr17,rs2084881,rs9891073,0.291893585,0.333333333,non enhancer SNPs
chr17,rs9905704,rs9891129,0.876702553,0.5241214,non enhancer SNPs
chr17,rs7216064,rs9891146,0.950894185,0.267265277,non enhancer SNPs
chr17,rs6504950,rs9893306,0.349141479,0.043341748,non enhancer SNPs
chr17,rs2084881,rs9894812,0.781857817,0.547668491,non enhancer SNPs
chr17,rs2084881,rs9895985,0.755806593,0.67761009,non enhancer SNPs
chr17,rs6504950,rs9896044,0.408023291,0.699293351,non enhancer SNPs
chr17,rs7216064,rs9897982,1.161617328,0.121342111,non enhancer SNPs
chr17,rs6504950,rs9898886,0.903480144,0.276858665,non enhancer SNPs
chr17,rs7216064,rs9899520,0.885358766,0.83377059,non enhancer SNPs
chr17,rs2840044,rs9900378,0.963204937,0.661266169,non enhancer SNPs
chr17,rs8067378,rs9901146,0.389625812,0.426371258,non enhancer SNPs
chr17,rs7210100,rs9901674,0.979928464,1,non enhancer SNPs
chr17,rs6504950,rs9902687,0.570321841,1,non enhancer SNPs
chr17,rs6504950,rs9902718,0.987135713,0.859607871,non enhancer SNPs
chr17,rs6504950,rs9903220,0.919907056,0.570963722,non enhancer SNPs
chr17,rs6504950,rs9903825,0.930755016,0.853016941,non enhancer SNPs
chr17,rs9905704,rs9905704,0.925606188,1,non enhancer SNPs
chr17,rs2084881,rs9905961,1.374034553,0.498094814,non enhancer SNPs
chr17,rs2084881,rs9906193,0.698567122,0.779331047,non enhancer SNPs
chr17,rs2084881,rs9907699,0.542088086,1,non enhancer SNPs
chr17,rs2084881,rs9909002,0.912990461,1,non enhancer SNPs
chr17,rs8067378,rs9909593,0.943862001,0.356337969,non enhancer SNPs
chr17,rs2084881,rs9909872,0.736421551,0.154779512,non enhancer SNPs
chr17,rs2084881,rs9910535,0.58378717,0.050620248,non enhancer SNPs
chr17,rs1859962,rs991429,1.043740698,0.730702011,non enhancer SNPs
chr17,rs6504950,rs9915832,0.489781341,0.019218204,non enhancer SNPs
chr17,rs2302777,rs9916158,1.156133188,0.061406453,non enhancer SNPs
chr17,rs2084881,rs9916227,0.800225271,0.368377851,non enhancer SNPs
chr17,rs6504950,rs9916642,0.552580114,0.0441938,non enhancer SNPs
chr18,rs7504990,rs9944713,1.355220216,0.285714286,non enhancer SNPs
chr18,rs6507016,rs9948028,0.658249819,1,non enhancer SNPs
chr18,rs9951026,rs9951026,0.723531952,0.545602102,non enhancer SNPs
chr18,rs12456874,rs9952836,1.29068592,1,non enhancer SNPs
chr18,rs17674580,rs9953451,1.036381864,0.664854343,non enhancer SNPs
chr18,rs7504990,rs9957080,1.084176173,0.022281167,non enhancer SNPs
chr18,rs12456874,rs9957621,0.881606414,1,non enhancer SNPs
chr18,rs12456874,rs9963572,0.928585642,0.01682754,non enhancer SNPs
chr18,rs17674580,rs9966818,0.78671682,0.813740453,non enhancer SNPs
chr18,rs998124,rs998124,0.77206485,0.57189103,non enhancer SNPs
chr19,rs10411210,rs10411210,1.933879796,0.0686931,enhancer SNPs
chr19,rs6510725,rs10423498,4.336704692,1,enhancer SNPs
chr18,rs7238033,rs10775480,1.568305156,0.324395128,enhancer SNPs
chr17,rs7216064,rs11079706,2.168352346,1,enhancer SNPs
chr17,rs7216064,rs11079707,1.626264259,1,enhancer SNPs
chr18,rs1436904,rs1154209,1.583184412,0.338332661,enhancer SNPs
chr18,rs1436904,rs1154215,1.574014805,1,enhancer SNPs
chr17,rs6504950,rs1156287,2.032830324,1,enhancer SNPs
chr17,rs4795519,rs11651630,5.240184836,1,enhancer SNPs
chr17,rs4795519,rs11654238,4.336704692,1,enhancer SNPs
chr17,rs6504950,rs11658717,2.710440432,1,enhancer SNPs
chr17,rs7216064,rs11870068,2.391267073,0.80843558,enhancer SNPs
chr18,rs11661542,rs11878170,1.56500088,0.191709992,enhancer SNPs
chr17,rs4795519,rs12450669,6.505057038,1,enhancer SNPs
chr17,rs4795519,rs12451205,1.517846642,1,enhancer SNPs
chr17,rs7216064,rs12451721,3.051755154,0.83591766,enhancer SNPs
chr17,rs7216064,rs12603589,2.349048375,0.166666667,enhancer SNPs
chr17,rs2084881,rs12940365,1.626264259,1,enhancer SNPs
chr17,rs9905704,rs12949598,2.168352346,1,enhancer SNPs
chr18,rs11661542,rs13381302,1.626264259,1,enhancer SNPs
chr17,rs6504950,rs1484769,1.626264259,0.634389588,enhancer SNPs
chr17,rs6504950,rs1484776,4.878792778,1,enhancer SNPs
chr17,rs3785856,rs1558225,1.625217757,0.553056364,enhancer SNPs
chr17,rs4795519,rs1600325,1.541562996,0.539681439,enhancer SNPs
chr17,rs4795519,rs1600326,3.07183249,0.521052632,enhancer SNPs
chr17,rs4795519,rs1600327,1.626264259,0.114413905,enhancer SNPs
chr18,rs1436904,rs1630505,1.612292917,0.546305224,enhancer SNPs
chr17,rs2840044,rs17637907,1.546656918,0.268790883,enhancer SNPs
chr17,rs6504950,rs17818028,1.656804433,0.791778822,enhancer SNPs
chr17,rs4795519,rs1807854,2.710440432,0.166666667,enhancer SNPs
chr17,rs4795519,rs1824903,3.523572562,0.631527094,enhancer SNPs
chr17,rs4795519,rs1842167,1.626264259,0.092360914,enhancer SNPs
chr17,rs4795519,rs1851267,3.342876533,0.29247193,enhancer SNPs
chr18,rs11661542,rs1879714,1.511853709,0.137764975,enhancer SNPs
chr17,rs4795519,rs2016467,1.767986635,1,enhancer SNPs
chr17,rs2084881,rs2056458,1.512140452,1,enhancer SNPs
chr17,rs4795519,rs2061893,1.904633817,0.575346912,enhancer SNPs
chr17,rs7216064,rs2080090,1.626264259,0.333333333,enhancer SNPs
chr18,rs1050631,rs2155827,1.547962647,0.055795455,enhancer SNPs
chr17,rs4795519,rs2199750,11.9259379,1,enhancer SNPs
chr18,rs11661542,rs2222394,1.902168403,0.231927825,enhancer SNPs
chr19,rs1800469,rs2231935,4.047111545,0.773105234,enhancer SNPs
chr17,rs2840044,rs225247,2.316194551,1,enhancer SNPs
chr17,rs2840044,rs225277,2.902330021,0.814717902,enhancer SNPs
chr17,rs2840044,rs225306,1.553985848,0.178932649,enhancer SNPs
chr18,rs17674580,rs2282616,1.67475545,0.539721959,enhancer SNPs
chr20,rs2284378,rs2378078,2.25870036,0.193548387,enhancer SNPs
chr20,rs2423279,rs2423273,1.626264259,0.428571429,enhancer SNPs
chr20,rs2423279,rs2423290,2.59545205,0.133275542,enhancer SNPs
chr20,rs2423279,rs2423291,2.710440432,0.251270469,enhancer SNPs
chr20,rs2423279,rs2423292,4.336704692,1,enhancer SNPs
chr20,rs2423279,rs2423293,2.168352346,1,enhancer SNPs
chr17,rs6504950,rs244317,1.959856928,0.486041228,enhancer SNPs
chr17,rs6504950,rs2628309,1.667963343,0.667032578,enhancer SNPs
chr17,rs6504950,rs2787500,2.032830324,1,enhancer SNPs
chr17,rs9905704,rs302860,1.637392167,1,enhancer SNPs
chr19,rs2191566,rs390369,2.034106604,0.292279806,enhancer SNPs
chr18,rs7504990,rs4077283,1.861169097,0.828327276,enhancer SNPs
chr18,rs8088832,rs4145852,1.541447756,0.554758274,enhancer SNPs
chr17,rs9905704,rs430973,2.64907197,0.316075652,enhancer SNPs
chr20,rs961253,rs453114,2.439396389,1,enhancer SNPs
chr18,rs17674580,rs474270,1.520654003,0.296183175,enhancer SNPs
chr17,rs1859962,rs4793529,2.845962454,1,enhancer SNPs
chr17,rs4795519,rs4795494,2.582890294,0.099645145,enhancer SNPs
chr18,rs7241993,rs4799269,1.671438267,0.45418874,enhancer SNPs
chr18,rs11661542,rs4800135,1.69402527,0.096513519,enhancer SNPs
chr20,rs2284378,rs4911385,1.59057821,0.923416056,enhancer SNPs
chr17,rs2084881,rs5000249,1.626264259,1,enhancer SNPs
chr20,rs6077414,rs6056043,8.673409384,1,enhancer SNPs
chr20,rs6062509,rs6062498,2.329422214,0.898471555,enhancer SNPs
chr20,rs2423279,rs6077264,1.845184448,0.874426378,enhancer SNPs
chr20,rs961253,rs6085542,1.652658061,0.876351581,enhancer SNPs
chr20,rs2423279,rs6086205,3.252528519,1,enhancer SNPs
chr20,rs6117615,rs6140175,2.017772322,0.321642976,enhancer SNPs
chr17,rs6504950,rs6504949,1.645857805,0.615997506,enhancer SNPs
chr18,rs6507016,rs6507016,2.168352346,1,enhancer SNPs
chr18,rs1436904,rs6508465,5.420880865,1,enhancer SNPs
chr17,rs2084881,rs7207826,1.741791229,1,enhancer SNPs
chr17,rs4795519,rs7221571,1.752000227,0.871381806,enhancer SNPs
chr17,rs2084881,rs7222452,4.878792778,1,enhancer SNPs
chr18,rs7504990,rs7233818,1.897308303,1,enhancer SNPs
chr18,rs11661542,rs7236642,1.51693557,0.234377467,enhancer SNPs
chr19,rs8102476,rs7250689,1.839038248,0.45620752,enhancer SNPs
chr17,rs4795519,rs8070908,3.07183249,0.521052632,enhancer SNPs
chr17,rs7216064,rs8071463,1.891416041,0.220669053,enhancer SNPs
chr18,rs6507016,rs8097023,1.669747261,0.444152263,enhancer SNPs
chr20,rs2208059,rs8119246,7.64946522,0.235534588,enhancer SNPs
chr18,rs12456874,rs897035,2.845962454,0.16,enhancer SNPs
chr17,rs9303542,rs9303542,4.336704692,1,enhancer SNPs
chr18,rs7504990,rs9304437,2.123178339,0.142049657,enhancer SNPs
chr17,rs1859962,rs9889335,3.393069875,0.456126746,enhancer SNPs
chr17,rs6504950,rs9889687,1.891776792,0.737710706,enhancer SNPs
chr17,rs2084881,rs9897162,1.78114657,1,enhancer SNPs
chr17,rs8067378,rs9907088,1.806960288,1,enhancer SNPs
chr18,rs12456874,rs9954359,1.656380264,0.095669224,enhancer SNPs
chr17,rs4795519,rs9972902,4.336704692,1,enhancer SNPs
chr20,rs6089829,rs10854168,2.121639345,0.004087993,imbalanced enhancer SNPs
chr20,rs961253,rs1115460,1.707577472,0.000874988,imbalanced enhancer SNPs
chr19,rs11672691,rs11673591,2.175925635,0.001224985,imbalanced enhancer SNPs
chr17,rs4795519,rs12449549,2.059934729,0.011590636,imbalanced enhancer SNPs
chr17,rs4795519,rs12942290,2.243709883,0.001359998,imbalanced enhancer SNPs
chr17,rs4795519,rs12944902,2.247767922,0.008698075,imbalanced enhancer SNPs
chr20,rs961253,rs1411300,1.702614694,0.007728353,imbalanced enhancer SNPs
chr18,rs11661542,rs17671384,2.710440432,0.007352941,imbalanced enhancer SNPs
chr17,rs17761864,rs17834563,1.897308303,0.015694542,imbalanced enhancer SNPs
chr17,rs7216064,rs2046323,1.558503249,1.01E-05,imbalanced enhancer SNPs
chr19,rs4808801,rs2278238,1.553025119,0.012704967,imbalanced enhancer SNPs
chr20,rs2423279,rs2423312,1.52254636,0.020000983,imbalanced enhancer SNPs
chr18,rs1436904,rs2840349,1.81900669,0.025344587,imbalanced enhancer SNPs
chr20,rs961253,rs355528,5.149836822,0.004761905,imbalanced enhancer SNPs
chr19,rs2191566,rs369106,1.865572414,0.030284205,imbalanced enhancer SNPs
chr20,rs2284378,rs3787230,2.176692163,0.026791374,imbalanced enhancer SNPs
chr17,rs4795519,rs3933803,2.501213452,0.047710373,imbalanced enhancer SNPs
chr18,rs11661542,rs414277,1.927424308,0.000112461,imbalanced enhancer SNPs
chr18,rs8088832,rs4483947,1.916668592,0.022089957,imbalanced enhancer SNPs
chr19,rs4808801,rs4808136,1.77387863,0.004832348,imbalanced enhancer SNPs
chr20,rs6089829,rs4809468,2.650208423,0.012137609,imbalanced enhancer SNPs
chr20,rs6089829,rs6089828,1.644628599,0.002580367,imbalanced enhancer SNPs
chr20,rs6089829,rs6089829,1.935789864,1.92E-05,imbalanced enhancer SNPs
chr17,rs2084881,rs7213513,1.626264259,0.000386997,imbalanced enhancer SNPs
chr17,rs6504950,rs7222197,2.552856686,0.033677037,imbalanced enhancer SNPs
chr19,rs10411210,rs7258173,1.969434869,0.02213936,imbalanced enhancer SNPs
chr17,rs8067378,rs8076131,1.516693263,0.019017111,imbalanced enhancer SNPs
chr18,rs8088832,rs8090214,1.825980923,0.005399921,imbalanced enhancer SNPs
chr17,rs6504950,rs9303363,1.603677256,0.012635807,imbalanced enhancer SNPs
chr17,rs6504950,rs9915183,1.749067386,0.010491563,imbalanced enhancer SNPs
chr18,rs11661542,rs12457762,0,1,non enhancer SNPs
chr18,rs8088832,rs2068432,0,1,non enhancer SNPs
chr17,rs6504950,rs244348,0,1,non enhancer SNPs
chr17,rs6504950,rs2541245,0,1,non enhancer SNPs
chr17,rs4795519,rs4520869,0,1,non enhancer SNPs
chr20,rs6104690,rs6040286,0,1,non enhancer SNPs
chr20,rs2423279,rs6117959,0,1,non enhancer SNPs
chr18,rs8088832,rs7238505,0,1,non enhancer SNPs
chr17,rs7501939,rs7501939,0,1,non enhancer SNPs
chr18,rs7504990,rs7504389,0,1,non enhancer SNPs
chr17,rs2084881,rs8074443,0,1,non enhancer SNPs
chr18,rs8088832,rs8096830,0,1,non enhancer SNPs
chr18,rs8099213,rs8099213,0,1,non enhancer SNPs
chr17,rs4795519,rs9652877,0,1,non enhancer SNPs
chr18,rs6507016,rs9947477,0,1,non enhancer SNPs
